campaign,backend,block,canonical_file,clients,distribution,family,fanout,field_bits,finite_d,finite_m,group,hot_records,key_layout,leaf_bits,partitions,queries_per_client,row_bytes,rows,seed,verifier,workload,repeats,verified_answers,service_cpu_ms,service_min_ms,service_max_ms,full_campaign_server_cpu_ms,full_campaign_server_cpu_per_answer_ms,native_cpu_outside_request_phases_ms,server_client_setup_ms,global_publish_build_cpu_ms,server_online_cpu_ms,external_canonical_fixture_cpu_ms,logical_index_bytes,metadata_state_bytes,client_setup_cpu_ms,client_online_cpu_ms,complete_client_process_cpu_ms,setup_download_bytes,query_upload_bytes,query_download_bytes,p50_first_answer_wall_ms,p95_first_answer_wall_ms,max_client_rss_bytes,rss_qualified,budget_failures,median_private_reads,projected_G1_cpu_ms,projected_G16_cpu_ms,projected_G256_cpu_ms,projected_G4096_cpu_ms
pir-indexed-use-cases-v1/campaign,dense,32,,2,clustered,directory,4,64,0,0,1,0,hashed,8,4,1,804,4096,1,,mizu-routing,5,10,0.9107909999999977,0.896084500000004,0.9546530000000025,162.06427,81.032135,27.374183999999993,0.14056649999999998,160.15496399999998,0.7702244999999976,0,3366912,11024,6.653725,0.28985000000000005,69.381,11056,594,13361,186.9520765,195.881466,29671424,True,,1.0,161.06575499999997,10.920476249999997,1.5363963281249977,0.9498913330078101
pir-indexed-use-cases-v1/campaign,dense,32,,2,clustered,directory,4,64,0,0,4,0,hashed,8,4,1,804,4096,1,,mizu-routing,5,10,1.6380760000000016,1.6018040000000002,1.717394000000005,161.512226,80.756113,28.379229000000002,0.155971,158.30861800000002,1.4968980000000016,0,3363840,2833,6.632208,0.3847465,69.65,2865,210,52768,189.3960925,213.912325,29679616,True,,1.0,159.94669400000004,11.532364625000003,2.2564690390625017,1.676725564941408
pir-indexed-use-cases-v1/campaign,dense,32,,2,clustered,directory,4,64,0,0,16,0,hashed,8,4,1,804,4096,1,,mizu-routing,5,10,4.7893405000000016,4.6991995000000095,5.088771499999995,164.819422,82.409711,29.970619000000013,0.1569125,155.16929100000002,4.632428000000001,0,3363072,785,6.5459325,1.197786,69.86,817,114,210400,193.59272499999997,202.357634,29958144,True,,1.0,159.95863150000002,14.487421187500003,5.395470542968751,4.827223627685548
pir-indexed-use-cases-v1/campaign,dense,32,,2,clustered,directory,4,64,0,0,64,0,hashed,8,4,1,804,4096,1,,mizu-routing,5,10,17.4792525,17.3505265,17.574114499999997,194.06871200000003,97.03435600000002,27.81440400000001,0.1699515,159.060987,17.290955,0,3362880,275,6.6528525,4.5402819999999995,73.363,307,90,840927,209.514995,213.773496,31039488,True,,1.0,176.5402395,27.420564187500002,18.10058448046875,17.5180857487793
pir-indexed-use-cases-v1/campaign,dense,32,,2,clustered,xor,4,64,0,0,16,0,hashed,8,4,1,804,4096,1,,mizu-routing,5,10,1.071260500000001,0.9779369999999974,1.124124500000001,239.813004,119.906502,40.832871999999995,0.1409725,237.564755,0.9396750000000011,0,4755144,80,6.5959255,0.2417755,68.3125,108,802,13474,186.275208,194.173842,29646848,True,,1.0,238.63601549999998,15.9190576875,1.999247824218751,1.129259707763673
pir-indexed-use-cases-v1/campaign,dense,32,,2,clustered,binary-tags,4,64,0,0,16,0,hashed,8,4,1,804,4096,1,,mizu-routing,5,10,5.532685000000007,5.427528999999998,5.5659380000000125,436.525204,218.262602,79.04580099999998,0.1498895,425.67014599999993,5.3457969999999975,0,10088448,108,6.606541999999999,0.8495539999999999,69.481,138,1398,158262,193.434323,198.42517,29663232,True,,3.0,431.20283099999995,32.137069125000004,7.195459007812507,5.636608375488288
pir-indexed-use-cases-v1/campaign,dense,32,,2,clustered,directory,4,64,0,0,1,0,hashed,8,4,256,804,4096,1,,mizu-routing,5,2560,0.46967214843749927,0.46298569726562433,0.4832990898437498,412.27159699999993,0.8052179628906249,38.48308600000013,0.1489625,171.8627340000004,0.4691920742187492,0,3366912,11024,6.639685500000001,0.198268,122.72149999999999,11056,594,13364,375.149631,384.815948,31358976,True,,1.0,172.33240614843788,11.211093023437524,1.1410109531250008,0.5116308237304681
pir-indexed-use-cases-v1/campaign,dense,32,,2,clustered,directory,4,64,0,0,16,0,hashed,8,4,256,804,4096,1,,mizu-routing,5,2560,4.371237259765621,4.348672212890625,4.435397400390627,2403.7327859999996,4.694790597656249,40.1146000000017,0.1430265,165.65930900000194,4.370678562499996,0,3363072,785,6.699662,0.894717,299.81100000000004,817,114,210411,1531.0722835000001,1590.372435,31645696,True,,1.0,170.03054625976756,14.724944072265743,5.018343935546879,4.41168142700195
pir-indexed-use-cases-v1/campaign,singlepass,32,,2,clustered,directory,4,64,0,0,1,0,hashed,8,4,1,804,4096,1,,mizu-routing,5,10,153.14702500000004,151.49881550000003,160.950004,473.542779,236.7713895,29.317714999999964,151.903454,162.65908999999994,1.3260294999999864,0,3366912,869136,31.7718085,0.440345,95.252,6758286,120,52899,362.2809545,389.598749,49725440,True,,1.0,315.806115,163.31321812500005,153.78241207031255,153.18673669189457
pir-indexed-use-cases-v1/campaign,singlepass,32,,2,clustered,directory,4,64,0,0,16,0,hashed,8,4,1,804,4096,1,,mizu-routing,5,10,149.7411525,149.287556,150.1766905,453.01719599999996,226.50859799999998,27.745055999999977,133.08514100000002,152.84233999999998,16.595860499999997,0,3363072,842577,35.975463000000005,2.5579535,101.2945,6727887,110,841058,363.96833,378.858187,49651712,True,,1.0,302.5834925,159.29379875,150.338192890625,149.77846752441405
pir-indexed-use-cases-v1/campaign,singlepass,32,,2,clustered,directory,4,64,0,0,1,0,hashed,8,4,256,804,4096,1,,mizu-routing,5,2560,1.7214796601562499,1.7073513554687505,1.7821060117187506,1051.0062899999998,2.0527466601562496,37.042393000001425,151.0719825,171.61618099999998,1.131354728515625,0,3366912,869136,32.4350655,0.28580249999999996,172.426,6758286,122,52902,726.39355,760.550261,49733632,True,,1.0,173.33766066015625,12.447490972656249,2.3918553671874996,1.763378141845703
pir-indexed-use-cases-v1/campaign,singlepass,32,,2,clustered,directory,4,64,0,0,16,0,hashed,8,4,256,804,4096,1,,mizu-routing,5,2560,17.07949238867187,16.95861205859374,17.139730140624987,8909.648067999999,17.401656382812497,41.861780000010185,133.04237200000006,167.50370900000416,16.56277567382812,0,3363072,842577,36.1169525,2.5007444999999997,749.4105,6727888,112,841075,5137.420033,5195.944601,49676288,True,,1.0,184.58320138867603,27.54847420117213,17.733803751953136,17.120386848876947
pir-indexed-use-cases-v1/campaign,dense,32,,2,clustered,directory,4,64,0,0,1,0,hashed,8,4,1,804,65536,1,,mizu-routing,5,10,5.3187554999999795,5.0884170000000415,5.460746000000009,2927.5473410000004,1463.7736705000002,502.8579930000001,0.46597750000000004,2916.6258490000005,4.8763814999999795,0,53870592,174865,7.5473345,1.655954,71.28200000000001,174897,8274,13364,195.7797075,211.89949,31756288,True,,1.0,2921.9446045000004,187.6078710625,16.71182522265623,6.030822357665995
pir-indexed-use-cases-v1/campaign,dense,32,,2,clustered,directory,4,64,0,0,4,0,hashed,8,4,1,804,65536,1,,mizu-routing,5,10,5.140333999999946,4.811696000000007,5.18276300000003,2748.098964,1374.049482,486.12146899999993,0.2060545,2737.8713430000003,4.9342794999999455,0,53821440,43794,6.8349554999999995,0.707187,68.5335,43826,2130,52772,192.2723525,197.356172,30072832,True,,1.0,2743.0116770000004,176.25729293749995,15.835143933593697,5.808759620849555
pir-indexed-use-cases-v1/campaign,dense,32,,2,clustered,directory,4,64,0,0,16,0,hashed,8,4,1,804,65536,1,,mizu-routing,5,10,7.938995999999937,7.5818559999999655,7.990012000000025,2723.618707,1361.8093535,465.4303950000003,0.166595,2708.454995,7.785034499999938,0,53809152,11027,6.6685755,1.2524525,69.494,11059,594,210404,193.78535349999999,212.039894,30134272,True,,1.0,2716.393991,177.21743318749995,18.51889832421869,8.60023989526361
pir-indexed-use-cases-v1/campaign,dense,32,,2,clustered,directory,4,64,0,0,64,0,hashed,8,4,1,804,65536,1,,mizu-routing,5,10,20.984195999999983,20.88176199999998,21.752838499999992,2756.995498,1378.497749,468.6955899999996,0.153746,2715.165943,20.830449999999985,0,53806080,2836,6.61552,4.644921,72.8675,2868,210,840932,211.58981849999998,218.236678,31010816,True,,1.0,2736.150139,190.6820674375,31.590312964843733,21.647078310302717
pir-indexed-use-cases-v1/campaign,dense,32,,2,clustered,directory,4,64,0,0,1,0,hashed,8,4,1,548,4096,1,,shinzo-logs,5,10,0.7476029999999987,0.7221900000000006,1.0807234999999995,116.801137,58.4005685,19.283061000000004,0.1582345,115.305931,0.6073864999999987,0,2318336,11024,6.698,0.277221,69.375,11056,594,9266,186.103521,245.42859,29675520,True,,1.0,116.053534,7.954223687499999,1.1980167929687486,0.7757538620605455
pir-indexed-use-cases-v1/campaign,dense,32,,2,clustered,directory,4,64,0,0,4,0,hashed,8,4,1,548,4096,1,,shinzo-logs,5,10,1.2858655000000012,1.1830135000000017,1.3160410000000007,114.99011200000001,57.495056000000005,20.030333,0.14532050000000002,112.592967,1.1066160000000007,0,2315264,2831,6.6169744999999995,0.329128,69.6285,2863,210,36385,190.400536,221.419906,29614080,True,,1.0,113.8788325,8.3229259375,1.7256817773437512,1.3133540173339855
pir-indexed-use-cases-v1/campaign,dense,32,,2,clustered,directory,4,64,0,0,16,0,hashed,8,4,1,548,4096,1,,shinzo-logs,5,10,3.406247999999999,3.361711999999999,3.4202539999999986,116.949099,58.4745495,20.66882900000001,0.14585199999999998,110.108591,3.247147000000002,0,2314496,785,6.7129655,0.7411859999999999,69.894,817,114,144864,195.26057500000002,220.387646,29806592,True,,1.0,113.51483900000001,10.288034937499999,3.836359683593749,3.4331299802246082
pir-indexed-use-cases-v1/campaign,dense,32,,2,clustered,directory,4,64,0,0,64,0,hashed,8,4,1,548,4096,1,,shinzo-logs,5,10,12.065793,11.811993500000007,12.203298499999999,136.376192,68.188096,19.68591099999999,0.1451305,112.150478,11.9144155,0,2314304,275,6.729698,3.1962885,73.00999999999999,307,90,578782,204.863492,215.592228,30572544,True,,1.0,124.216271,19.075197875,12.5038808046875,12.093173487792969
pir-indexed-use-cases-v1/campaign,dense,32,,2,clustered,xor,4,64,0,0,16,0,hashed,8,4,1,548,4096,1,,shinzo-logs,5,10,0.8521120000000006,0.832829999999997,0.9186260000000033,167.210095,83.6050475,27.04099399999999,0.1521435,165.372843,0.6999685000000007,0,3286728,80,6.5668745,0.226802,68.887,108,802,9378,188.74589650000001,193.089451,29667328,True,,1.0,166.224955,11.1879146875,1.4980996679687506,0.8924862292480475
pir-indexed-use-cases-v1/campaign,dense,32,,2,clustered,binary-tags,4,64,0,0,16,0,hashed,8,4,1,548,4096,1,,shinzo-logs,5,10,3.975568999999992,3.8248145,4.747211999999999,311.62152199999997,155.81076099999999,53.14130700000001,0.143703,302.127098,3.792743999999992,0,6942720,106,6.726570000000001,0.73035,71.459,136,1398,109105,198.630761,237.21582,29630464,True,,3.0,306.102667,22.858512624999992,5.155752976562492,4.049330498535149
pir-indexed-use-cases-v1/campaign,dense,32,,2,clustered,directory,4,64,0,0,1,0,hashed,8,4,256,548,4096,1,,shinzo-logs,5,2560,0.35646489062499986,0.35313794140625043,0.3875407324218749,305.148363,0.595992896484375,28.605483000000106,0.1454105,123.85206899999997,0.3558205644531248,0,2318336,11024,6.63589,0.1874245,118.8075,11056,594,9268,338.11490549999996,372.200457,30928896,True,,1.0,124.20853389062498,8.097219203124999,0.8402620351562498,0.386702212158203
pir-indexed-use-cases-v1/campaign,dense,32,,2,clustered,directory,4,64,0,0,16,0,hashed,8,4,256,548,4096,1,,shinzo-logs,5,2560,3.0552316875000014,3.0445068984375,3.1049972265625003,1683.611857,3.288304408203125,29.155137999999397,0.1453905,119.31645400000002,3.0545659960937517,0,2314496,785,6.6051655,0.5577135,215.2215,817,114,144866,1122.165715,1144.81975,31145984,True,,1.0,122.37168568750002,10.512510062500002,3.5213115859375015,3.084361681152345
pir-indexed-use-cases-v1/campaign,singlepass,32,,2,clustered,directory,4,64,0,0,1,0,hashed,8,4,1,548,4096,1,,shinzo-logs,5,10,105.07651000000001,104.603523,105.53025899999999,326.15871500000003,163.07935750000001,20.415534000000008,104.105552,116.23359100000002,1.0108875000000044,0,2318336,606992,25.1194195,0.412593,88.5505,4661134,121,36517,307.4577845,316.224219,43335680,True,,1.0,221.31010100000003,112.34110943750001,105.53054746484376,105.10488734155275
pir-indexed-use-cases-v1/campaign,singlepass,32,,2,clustered,directory,4,64,0,0,16,0,hashed,8,4,1,548,4096,1,,shinzo-logs,5,10,102.74848949999999,102.48195250000002,103.451259,313.257999,156.6289995,17.782357999999988,91.1534695,106.76024699999999,11.540660499999994,0,2314496,580433,26.0332335,1.756822,89.86249999999998,4630734,109,578914,305.498517,314.567057,43261952,True,,1.0,209.5087365,109.42100493749999,103.16552171484373,102.77455401342773
pir-indexed-use-cases-v1/campaign,singlepass,32,,2,clustered,directory,4,64,0,0,1,0,hashed,8,4,256,548,4096,1,,shinzo-logs,5,2560,1.2304860000000009,1.221305894531251,1.2330415000000006,755.854907,1.476279115234375,29.88992699999949,104.53073,124.56555299999968,0.8227083457031237,0,2318336,606992,25.592424,0.254038,156.027,4661133,122,36518,585.835661,618.777243,43470848,True,,1.0,125.79603899999968,9.015833062499981,1.7170701914062496,1.2608975119628913
pir-indexed-use-cases-v1/campaign,singlepass,32,,2,clustered,directory,4,64,0,0,16,0,hashed,8,4,256,548,4096,1,,shinzo-logs,5,2560,11.786465345703117,11.763065673828125,11.814202783203111,6154.748313000001,12.020992798828127,31.32321600000523,91.35564350000003,119.91031900000598,11.427453861328118,0,2314496,580433,26.112820499999998,1.7112565000000002,529.0685000000001,4630742,112,578931,3598.4061975,3637.61811,43339776,True,,1.0,131.6967843457091,19.28086028320349,12.25486502929689,11.815740325927727
pir-indexed-use-cases-v1/campaign,dense,32,,2,clustered,directory,4,64,0,0,1,0,hashed,8,4,1,548,65536,1,,shinzo-logs,5,10,4.423258499999983,4.160183500000015,4.7335270000000165,2072.50922,1036.25461,343.9596449999999,0.471764,2063.390176,3.9295589999999834,0,37093376,174865,7.459011,1.589776,71.0015,174897,8274,9268,194.64160850000002,218.162898,31727616,True,,1.0,2067.8134345,133.38514449999997,12.483376374999983,4.9270158671874835
pir-indexed-use-cases-v1/campaign,dense,32,,2,clustered,directory,4,64,0,0,4,0,hashed,8,4,1,548,65536,1,,shinzo-logs,5,10,3.9390815000000066,3.57711300000001,4.196662000000002,1936.6878390000002,968.3439195000001,308.4732019999999,0.200814,1928.809676,3.7382675000000063,0,37044224,43792,6.876167000000001,0.575596,70.9675,43824,2130,36388,196.501183,212.121397,30027776,True,,1.0,1932.7487575,124.48968625,11.473494296875007,4.409982299804694
pir-indexed-use-cases-v1/campaign,dense,32,,2,clustered,directory,4,64,0,0,16,0,hashed,8,4,1,548,65536,1,,shinzo-logs,5,10,5.573195000000056,5.410678000000022,6.205727999999976,1931.6437600000002,965.8218800000001,307.3327590000001,0.14933849999999999,1920.49737,5.423856500000056,0,37031936,11027,6.7690445,0.825382,70.15899999999999,11059,594,144868,197.444257,208.774059,29917184,True,,1.0,1926.0705650000002,125.60428062500006,13.075137851562555,6.042066428222713
pir-indexed-use-cases-v1/campaign,dense,32,,2,clustered,directory,4,64,0,0,64,0,hashed,8,4,1,548,65536,1,,shinzo-logs,5,10,14.577569999999962,14.502446500000008,14.663440500000036,1931.300435,965.6502175,313.5375680000001,0.1383125,1902.295542,14.433315499999964,0,37028864,2836,6.614826000000001,3.3919125,72.45599999999999,2868,210,578787,204.907354,208.0305,30547968,True,,1.0,1916.873112,133.47104137499997,22.00841196093746,15.041997622558556
pir-indexed-use-cases-v1/campaign,dense,32,,2,clustered,xor,4,64,0,0,16,0,hashed,8,4,1,548,65536,1,,shinzo-logs,5,10,4.983722000000044,4.868843500000034,5.53039049999993,3070.597206,1535.298603,496.90556300000003,0.1228235,3059.536425,4.865391500000044,0,52573896,82,6.5853745,0.32177500000000003,69.17599999999999,110,11554,9380,191.5010115,206.343284,29708288,True,,1.0,3064.5201469999997,196.20474856250004,16.935036160156294,5.730679135009809
pir-indexed-use-cases-v1/campaign,dense,32,,2,clustered,directory,1,64,0,0,1,0,hashed,8,4,1,184,1024,1,,shinzo-receipt,5,10,0.3664619999999999,0.3541699999999998,0.41412050000000006,18.385666,9.192833,3.760807,0.1488315,17.639547999999998,0.22111100000000006,0,209920,11022,6.8091365,0.246424,69.4545,11054,594,1026,187.4528445,229.802511,29650944,True,,1.0,18.006009999999996,1.4689337499999997,0.4353664843749999,0.3707685302734374
pir-indexed-use-cases-v1/campaign,dense,32,,2,clustered,directory,1,64,0,0,4,0,hashed,8,4,1,184,1024,1,,shinzo-receipt,5,10,0.3925060000000001,0.38569800000000015,0.41402000000000017,15.933813,7.9669065,3.3824569999999996,0.139851,15.15969,0.26122650000000003,0,206848,2829,6.870006,0.206846,69.7695,2861,210,3438,188.372452,225.066476,29577216,True,,1.0,15.552196,1.339986625,0.45172353906250007,0.3962070961914063
pir-indexed-use-cases-v1/campaign,dense,32,,2,clustered,directory,1,64,0,0,16,0,hashed,8,4,1,184,1024,1,,shinzo-receipt,5,10,0.5575580000000001,0.5515075000000003,0.6174300000000001,15.863943,7.9319715,3.217454,0.1258345,14.757604,0.42852749999999995,0,206080,783,6.576448,0.23633500000000002,68.6505,815,114,13086,185.392156,192.317993,29622272,True,,1.0,15.315162,1.4799082500000003,0.6152048906250001,0.5611609306640626
pir-indexed-use-cases-v1/campaign,dense,32,,2,clustered,directory,1,64,0,0,64,0,hashed,8,4,1,184,1024,1,,shinzo-receipt,5,10,1.3741244999999997,1.3339599999999998,1.455451,17.183589,8.5917945,3.2985870000000013,0.13867849999999998,14.331250999999998,1.2354459999999998,0,205888,273,6.63379,0.3878165,69.395,305,90,51676,190.8800875,216.044937,29708288,True,,1.0,15.705375499999999,2.2698276874999994,1.4301059492187498,1.3776233405761715
pir-indexed-use-cases-v1/campaign,dense,32,,2,clustered,xor,1,64,0,0,16,0,hashed,8,4,1,184,1024,1,,shinzo-receipt,5,10,0.35631800000000025,0.3539590000000008,0.3875160000000002,28.411057,14.2055285,4.880507,0.120249,27.699953,0.23745200000000022,0,338424,78,6.602745,0.1867275,68.77149999999999,106,802,1150,188.4797575,193.005147,29634560,True,,1.0,28.056271000000002,2.0875650625000004,0.4645209414062502,0.3630806838378909
pir-indexed-use-cases-v1/campaign,dense,32,,2,clustered,binary-tags,1,64,0,0,16,0,hashed,8,4,1,184,1024,1,,shinzo-receipt,5,10,0.9974865,0.9679429999999999,1.035912999999999,25.112567000000002,12.556283500000001,4.882724999999999,0.150831,23.166049,0.8376054999999996,0,411648,105,6.6684660000000004,0.378099,70.3475,135,292,26140,190.947744,196.399458,29589504,True,,2.0,24.163535500000002,2.4453645625,1.0879788789062501,1.0031422736816407
pir-indexed-use-cases-v1/campaign,dense,32,,2,clustered,directory,1,64,0,0,1,0,hashed,8,4,256,184,1024,1,,shinzo-receipt,5,2560,0.13548550585937483,0.13483421093749995,0.14218361914062505,96.54156900000001,0.18855775195312502,13.392503000000062,0.1505155,27.33993500000001,0.1348975546874998,0,209920,11022,6.798696,0.16088950000000002,113.367,11054,594,1030,277.3959555,313.104266,30048256,True,,1.0,27.475420505859386,1.8442314433593756,0.24228212695312487,0.1421602946777342
pir-indexed-use-cases-v1/campaign,dense,32,,2,clustered,directory,1,64,0,0,16,0,hashed,8,4,256,184,1024,1,,shinzo-receipt,5,2560,0.3652114882812496,0.36350804882812543,0.37063010351562486,211.72177899999997,0.41351909960937494,13.192720000000207,0.1322265,24.941802000000195,0.3646137128906246,0,206080,783,6.687816,0.164526,113.3165,815,114,13090,332.175565,335.880749,29900800,True,,1.0,25.307013488281445,1.9240741132812618,0.46264040234375037,0.3713007954101559
pir-indexed-use-cases-v1/campaign,singlepass,32,,2,clustered,directory,1,64,0,0,1,0,hashed,8,4,1,184,1024,1,,shinzo-receipt,5,10,10.1077155,10.0303325,10.262418499999999,37.966859,18.9834295,3.8975570000000026,9.868054,17.751427999999997,0.2263914999999992,0,209920,79886,10.048896,0.23586449999999998,72.8515,444297,121,3569,200.60718350000002,207.989085,30777344,True,,1.0,27.859143499999995,11.21717975,10.177057015625,10.112049344726563
pir-indexed-use-cases-v1/campaign,singlepass,32,,2,clustered,directory,1,64,0,0,16,0,hashed,8,4,1,184,1024,1,,shinzo-receipt,5,10,9.603451,9.5377595,9.8579695,34.007263,17.0036315,3.1407430000000005,8.471764,14.647101,1.1454685000000002,0,206080,53327,8.503387499999999,0.3112845,70.883,413899,109,51807,198.032199,204.748245,30703616,True,,1.0,24.250552,10.5188948125,9.66066623828125,9.607026952392578
pir-indexed-use-cases-v1/campaign,singlepass,32,,2,clustered,directory,1,64,0,0,1,0,hashed,8,4,256,184,1024,1,,shinzo-receipt,5,2560,0.21747550781250002,0.21396060742187517,0.22051754296874998,138.72892099999999,0.27095492382812497,13.226463999999908,10.091976000000003,27.036532999999906,0.17799791992187503,0,209920,79886,10.051993,0.174234,118.93549999999999,444297,122,3572,297.0653095,304.855028,30781440,True,,1.0,27.254008507812408,1.907258820312494,0.32308696484374966,0.22407622387695314
pir-indexed-use-cases-v1/campaign,singlepass,32,,2,clustered,directory,1,64,0,0,16,0,hashed,8,4,256,184,1024,1,,shinzo-receipt,5,2560,1.1435985507812503,1.1426017871093759,1.151663101562499,610.500185,1.192383173828125,13.367553000000385,8.522898499999997,24.775336000000266,1.1101390722656246,0,206080,53327,8.349179,0.25680400000000003,138.9335,413899,112,51812,546.5404465,551.030084,30695424,True,,1.0,25.918934550781515,2.692057050781267,1.2403772070312513,1.1496472167968754
pir-indexed-use-cases-v1/campaign,dense,32,,2,clustered,directory,1,64,0,0,1,0,hashed,8,4,1,184,10000,1,,shinzo-receipt,5,10,0.9532304999999985,0.9361790000000016,1.0011439999999987,149.738609,74.8693045,18.410451000000002,0.32283150000000005,147.73632099999998,0.6194840000000017,0,2050000,106767,7.1165614999999995,0.9884415,69.979,106799,5082,1030,187.071166,193.609421,30920704,True,,1.0,148.68955149999996,10.186750562499997,1.5303255039062484,0.9892989377441391
pir-indexed-use-cases-v1/campaign,dense,32,,2,clustered,directory,1,64,0,0,4,0,hashed,8,4,1,184,10000,1,,shinzo-receipt,5,10,0.7218090000000017,0.6717405000000002,0.7661720000000017,129.164579,64.5822895,18.01398499999999,0.191838,127.785352,0.5162809999999993,0,2020000,26766,6.74853,0.37582000000000004,69.09049999999999,26798,1334,3442,186.894475,189.601957,29851648,True,,1.0,128.507161,8.708393500000001,1.2209705312500017,0.7530065957031267
pir-indexed-use-cases-v1/campaign,dense,32,,2,clustered,directory,1,64,0,0,16,0,hashed,8,4,1,184,10000,1,,shinzo-receipt,5,10,0.7467059999999986,0.7221104999999993,0.8233789999999995,121.336503,60.6682515,16.234252999999995,0.136324,119.79405,0.6164534999999987,0,2012500,6768,6.663307,0.268831,68.4505,6800,398,13090,183.9876185,194.949431,29614080,True,,1.0,120.540756,8.233834124999998,1.2146515078124986,0.7759525942382799
pir-indexed-use-cases-v1/campaign,dense,32,,2,clustered,directory,1,64,0,0,64,0,hashed,8,4,1,184,10000,1,,shinzo-receipt,5,10,1.4856984999999985,1.4559055000000003,1.5608975000000027,120.448696,60.224348,17.260467999999996,0.12628,117.401793,1.3589559999999974,0,2020276,1778,6.551754000000001,0.404193,68.27799999999999,1810,162,51680,187.4955075,190.400848,29650944,True,,1.0,118.8874915,8.823310562499998,1.9442992539062485,1.514361047119139
pir-indexed-use-cases-v1/campaign,dense,32,,2,clustered,xor,1,64,0,0,16,0,hashed,8,4,1,184,10000,1,,shinzo-receipt,5,10,0.9173185000000046,0.8903880000000022,1.001690499999997,257.46742299999994,128.73371149999997,29.89195100000002,0.1329525,255.46404199999998,0.7875769999999989,0,3304236,80,6.6334895,0.21520050000000002,68.71100000000001,108,7086,1154,185.5395335,192.204431,29646848,True,,1.0,256.38136049999997,16.883821125000004,1.9152249140625046,0.9796876508789109
pir-indexed-use-cases-v1/campaign,dense,32,,2,clustered,binary-tags,1,64,0,0,16,0,hashed,8,4,1,184,10000,1,,shinzo-receipt,5,10,1.8768899999999866,1.8695269999999948,1.9690019999999981,317.96474900000004,158.98237450000002,54.72823899999999,0.1287945,314.22569500000003,1.750024499999995,0,6586368,108,6.617122,0.39544650000000003,69.56049999999999,138,2212,26146,188.076799,198.480033,29569024,True,,2.0,316.10258500000003,21.515995937499987,3.1043341210937365,1.953605257568346
pir-indexed-use-cases-v1/campaign,dense,32,,2,clustered,directory,1,64,0,0,1,0,hashed,8,4,1,256,4096,1,,defra-document,5,10,0.6066989999999997,0.5843285000000014,0.6553564999999999,75.44463700000001,37.72231850000001,11.440511,0.2077615,74.20043000000001,0.3989374999999997,0,1134592,43790,6.8102025,0.4498625,69.04299999999999,43822,2130,1316,187.20695,193.514601,30072832,True,,1.0,74.80712900000002,5.244225875000001,0.8965444296874997,0.6248143393554684
pir-indexed-use-cases-v1/campaign,dense,32,,2,clustered,directory,1,64,0,0,4,0,hashed,8,4,1,256,4096,1,,defra-document,5,10,0.5647209999999996,0.5203789999999997,0.5831015000000006,66.317505,33.1587525,10.606535999999998,0.1696855,65.188063,0.40377699999999894,0,1122304,11024,6.7340355,0.257759,68.6985,11056,594,4592,185.158932,196.288724,29667328,True,,1.0,65.752784,4.6389749375,0.8193618710937496,0.580636054443359
pir-indexed-use-cases-v1/campaign,dense,32,,2,clustered,directory,1,64,0,0,16,0,hashed,8,4,1,256,4096,1,,defra-document,5,10,0.7377540000000002,0.7143204999999997,0.8026655,62.67781600000001,31.338908000000004,10.250980000000006,0.1390935,61.111998,0.6072914999999997,0,1119232,2832,6.56553,0.27518200000000004,69.465,2864,210,17696,188.16592300000002,190.284993,29614080,True,,1.0,61.849752,4.557253875000001,0.9764727421875002,0.752673921386719
pir-indexed-use-cases-v1/campaign,dense,32,,2,clustered,directory,1,64,0,0,64,0,hashed,8,4,1,256,4096,1,,defra-document,5,10,1.7964365000000013,1.7470539999999999,1.959700499999999,64.43195,32.215975,10.463014999999999,0.1372505,60.915577000000006,1.6764625000000013,0,1118464,785,6.651721,0.440561,69.018,817,114,70110,186.740722,193.812357,29708288,True,,1.0,62.712013500000005,5.603660062500001,2.0343879726562513,1.811308467041017
pir-indexed-use-cases-v1/campaign,dense,32,,2,clustered,xor,1,64,0,0,16,0,hashed,8,4,1,256,4096,1,,defra-document,5,10,0.6159625000000017,0.6016505000000005,0.7207729999999986,122.31187700000001,61.155938500000005,16.730529999999987,0.1273875,121.061069,0.4954880000000017,0,1766688,79,6.6231100000000005,0.2021115,68.6315,107,2950,1442,186.1334425,194.387189,29618176,True,,1.0,121.6770315,8.182279312500002,1.0888573007812519,0.6455184250488298
pir-indexed-use-cases-v1/campaign,dense,32,,2,clustered,binary-tags,1,64,0,0,16,0,hashed,8,4,1,256,4096,1,,defra-document,5,10,1.4399360000000023,1.4181504999999979,1.4866449999999984,111.094655,55.5473275,18.347733000000005,0.13837750000000001,108.25835400000001,1.3015585000000023,0,2236416,106,6.6237805000000005,0.41308449999999997,68.9095,136,676,35363,188.1444515,200.543347,29626368,True,,2.0,109.69829000000001,8.206083125000003,1.8628201953125023,1.4663662622070335
pir-indexed-use-cases-v1/campaign,dense,32,,2,clustered,directory,1,64,0,0,1,0,hashed,8,4,256,256,4096,1,,defra-document,5,2560,0.18829339062500006,0.18448167578125008,0.19015969335937494,182.865717,0.357159603515625,21.894728999999955,0.2092145,85.50395400000001,0.18736948046875002,0,1134592,43790,6.9266745,0.261012,139.322,43822,2130,1316,313.6141685,320.348282,30441472,True,,1.0,85.69224739062501,5.532290515625,0.5222932109375,0.2091683793945313
pir-indexed-use-cases-v1/campaign,dense,32,,2,clustered,directory,1,64,0,0,16,0,hashed,8,4,256,256,4096,1,,defra-document,5,2560,0.47980459375000084,0.47791339843749975,0.4938836132812503,316.976143,0.619094029296875,19.86299399999956,0.1463025,71.53829799999977,0.47930278125000086,0,1119232,2832,6.665425,0.185961,119.81099999999999,2864,210,17698,365.95746199999996,382.288331,29962240,True,,1.0,72.01810259374977,4.9509482187499865,0.7592510703124999,0.497269998535157
pir-indexed-use-cases-v1/campaign,singlepass,32,,2,clustered,directory,1,64,0,0,1,0,hashed,8,4,1,256,4096,1,,defra-document,5,10,56.80566899999999,56.62715299999999,57.39081150000001,188.38082500000002,94.19041250000001,11.948736999999994,56.52634899999999,74.74563899999998,0.2563419999999992,0,1134592,392974,22.9763655,0.4080595,85.3065,2366625,124,4723,256.39137900000003,262.011059,32624640,True,,1.0,131.55130799999998,61.47727143749999,57.09764415234374,56.82391744702147
pir-indexed-use-cases-v1/campaign,singlepass,32,,2,clustered,directory,1,64,0,0,16,0,hashed,8,4,1,256,4096,1,,defra-document,5,10,46.423874,45.988698,47.0204465,155.735762,77.867881,10.585674999999995,44.7768465,62.75417199999998,1.6304814999999984,0,1119232,286736,15.240192,0.39788100000000004,78.1335,2244749,112,70241,240.96512,244.919886,36278272,True,,1.0,109.17804599999998,50.34600974999999,46.669007484375,46.43919484277343
pir-indexed-use-cases-v1/campaign,singlepass,32,,2,clustered,directory,1,64,0,0,1,0,hashed,8,4,256,256,4096,1,,defra-document,5,2560,0.42948249218749995,0.4190891542968761,0.43384488476562594,304.00065000000006,0.5937512695312501,21.121944000000042,57.30177299999998,84.80416599999955,0.20558438476562457,0,1134592,392974,23.085952,0.267528,157.86599999999999,2366626,127,4723,385.261328,398.814102,32641024,True,,1.0,85.23364849218706,5.729742867187472,0.7607487656249983,0.4501866342773436
pir-indexed-use-cases-v1/campaign,singlepass,32,,2,clustered,directory,1,64,0,0,16,0,hashed,8,4,256,256,4096,1,,defra-document,5,2560,1.6437457187500024,1.6326813554687496,1.6637383476562495,912.958179,1.783121443359375,20.32649900000058,44.8985985,71.7486390000006,1.4678380937500024,0,1119232,286736,15.079456,0.304146,157.95049999999998,2244748,112,70242,688.1412425000001,731.249424,36257792,True,,1.0,73.39238471875059,6.12803565625004,1.9240138398437547,1.6612624763183619
pir-indexed-use-cases-v1/campaign,dense,32,,2,clustered,directory,1,64,0,0,1,0,hashed,8,4,1,256,65536,1,,defra-document,5,10,5.027890000000005,4.720748500000017,5.330221999999991,1394.4104060000002,697.2052030000001,188.2525179999999,1.5914185,1384.354626,3.5237730000000056,0,18153472,699151,10.0524595,5.863696,79.2845,699183,32850,1320,202.109204,207.512596,37257216,True,,1.0,1389.3825160000001,91.550054125,10.435525257812504,5.365867203613286
pir-indexed-use-cases-v1/campaign,dense,32,,2,clustered,directory,1,64,0,0,4,0,hashed,8,4,1,256,65536,1,,defra-document,5,10,3.0277804999999907,2.908237000000012,3.2349494999999884,1145.5137469999997,572.7568734999999,142.75446799999997,0.44385600000000003,1139.4581859999998,2.4962295000000125,0,17956864,174865,7.4026985,1.6086550000000002,70.93350000000001,174897,8274,4594,189.817317,197.301862,31752192,True,,1.0,1142.4859665,74.24391712499998,7.47878903906249,3.305968533691397
pir-indexed-use-cases-v1/campaign,dense,32,,2,clustered,directory,1,64,0,0,16,0,hashed,8,4,1,256,65536,1,,defra-document,5,10,2.2944280000000097,2.175817999999988,2.3963534999999956,1097.9269470000002,548.9634735000001,136.08455400000003,0.2051115,1093.13424,2.0893165000000096,0,17907712,43793,6.806787,0.524673,70.35499999999999,43825,2130,17698,191.04578,221.836504,30048256,True,,1.0,1095.428668,70.61531800000002,6.56448362500001,2.5613064765625095
pir-indexed-use-cases-v1/campaign,dense,32,,2,clustered,directory,1,64,0,0,64,0,hashed,8,4,1,256,65536,1,,defra-document,5,10,3.0668124999999824,2.9964299999999966,3.177017000000001,1081.164022,540.582011,139.251986,0.1489475,1074.997887,2.8998514999999827,0,17895424,11027,6.725878,0.503693,69.573,11059,594,70114,190.762327,199.392667,29765632,True,,1.0,1078.0646995,70.25418043749998,7.266022996093732,3.3292631560058417
pir-indexed-use-cases-v1/campaign,dense,32,,2,clustered,xor,1,64,0,0,16,0,hashed,8,4,1,256,65536,1,,defra-document,5,10,4.870260500000027,4.448864999999962,4.914528999999998,2312.665208,1156.332604,286.194625,0.133133,2303.7674779999998,4.711174500000027,0,28259616,81,6.6816825,0.4540655,68.40449999999998,109,45958,1444,190.657229,198.915175,29757440,True,,1.0,2308.6377384999996,148.855727875,13.869352210937526,5.432703731933621
pir-indexed-use-cases-v1/campaign,dense,32,,2,clustered,binary-tags,1,64,0,0,16,0,hashed,8,4,1,256,65536,1,,defra-document,5,10,6.716759500000011,6.515704999999958,6.971678999999964,1858.20758,929.10379,280.4844800000001,0.15342,1844.774061,6.59779850000001,0,35782656,108,6.6070905,0.6380545,69.231,138,8356,35368,192.326309,199.510512,29614080,True,,2.0,1851.4908205000002,122.01513831250001,13.922908175781261,7.167143792236339
pir-indexed-use-cases-v1/campaign,dense,32,,2,clustered,directory,16,64,0,0,1,0,hashed,8,4,1,120,4096,1,,defra-secondary,5,10,0.5347305000000003,0.5152639999999996,0.5462125000000002,34.147075,17.0735375,6.058173999999999,0.1294865,33.089496000000004,0.4066419999999993,0,562176,2831,6.568408,0.24341849999999998,69.29299999999999,2863,210,8990,189.7895485,192.682922,29622272,True,,1.0,33.624226500000006,2.6028240000000005,0.6639863437500003,0.5428089902343753
pir-indexed-use-cases-v1/campaign,dense,32,,2,clustered,directory,16,64,0,0,4,0,hashed,8,4,1,120,4096,1,,defra-secondary,5,10,1.042446,1.0052774999999996,1.139517,34.143629000000004,17.071814500000002,6.138247,0.1526795,32.058737,0.8897664999999999,0,561408,782,6.656262,0.33553449999999996,69.494,814,114,35294,188.7233895,218.313789,29626368,True,,1.0,33.101183,3.0461170625,1.16767544140625,1.0502728400878907
pir-indexed-use-cases-v1/campaign,dense,32,,2,clustered,directory,16,64,0,0,16,0,hashed,8,4,1,120,4096,1,,defra-secondary,5,10,3.231072499999999,3.181801499999999,3.291970499999999,39.392609,19.6963045,6.597067000000003,0.1483465,32.84248,3.0786789999999993,0,561216,273,6.6560215,0.898718,69.9245,305,90,140510,189.3092255,221.404259,29949952,True,,1.0,36.0735525,5.2837274999999995,3.359363437499999,3.2390906835937487
pir-indexed-use-cases-v1/campaign,dense,32,,2,clustered,directory,16,64,0,0,64,0,hashed,8,4,1,120,4096,1,,defra-secondary,5,10,11.705450500000001,11.5544315,11.921508,56.902627,28.4513135,6.5788319999999985,0.1282285,33.51208,11.531286000000001,0,561168,146,6.657275,3.6782310000000003,73.4845,178,86,561373,205.15896800000002,227.480769,30674944,True,,1.0,45.217530499999995,13.799955500000001,11.836357062500001,11.713632160156251
pir-indexed-use-cases-v1/campaign,dense,32,,2,clustered,xor,16,64,0,0,16,0,hashed,8,4,1,120,4096,1,,defra-secondary,5,10,0.5751205,0.5507710000000008,0.5973625000000007,45.727236,22.863618,8.096684000000003,0.13285249999999998,44.576995,0.4426395000000003,0,796320,79,6.628966999999999,0.22780450000000002,68.625,107,262,9056,187.136711,194.289384,29700096,True,,1.0,45.152115499999994,3.3611826875,0.74924938671875,0.5860035554199219
pir-indexed-use-cases-v1/campaign,dense,32,,2,clustered,binary-tags,16,64,0,0,16,0,hashed,8,4,1,120,4096,1,,defra-secondary,5,10,2.371832000000004,2.3528130000000154,2.4098435000000022,128.98082300000002,64.49041150000001,22.46830299999999,0.1479705,124.27074000000002,2.2267985000000152,0,2805760,107,6.668369500000001,0.8284425,69.60050000000001,137,3610,44888,189.67588899999998,194.587953,29609984,True,,5.0,126.64257200000002,10.138753250000004,2.857264578125004,2.4021715361328164
pir-indexed-use-cases-v1/campaign,dense,32,,2,clustered,directory,16,64,0,0,1,0,hashed,8,4,256,120,4096,1,,defra-secondary,5,2560,0.2993795292968746,0.2983263671875003,0.3016779316406248,195.556427,0.381946146484375,15.385177999999826,0.1391845,42.572145000000006,0.29887223828124965,0,562176,2831,6.712946499999999,0.1682075,114.79749999999999,2863,210,8992,320.134306,331.928091,31301632,True,,1.0,42.87152452929688,2.960138591796875,0.46567697070312464,0.30977311938476526
pir-indexed-use-cases-v1/campaign,dense,32,,2,clustered,directory,16,64,0,0,16,0,hashed,8,4,256,120,4096,1,,defra-secondary,5,2560,2.947616419921877,2.861070027343749,2.9693747167968754,1552.443683,3.032116568359375,16.925987999998824,0.138007,42.99309299999959,2.947014988281252,0,561216,273,6.6680025,0.6128965,230.212,305,90,140512,1107.877076,1118.680759,31633408,True,,1.0,45.94070941992147,5.634684732421851,3.1155581894531252,2.9581127805175798
pir-indexed-use-cases-v1/campaign,singlepass,32,,2,clustered,directory,16,64,0,0,1,0,hashed,8,4,1,120,4096,1,,defra-secondary,5,10,23.983784999999997,23.544032,24.1968155,80.923722,40.461861,6.199266999999999,23.0582815,32.751118999999996,0.9255035000000005,0,562176,147471,11.2081445,0.3103075,73.43449999999999,1130635,112,35425,214.2648475,220.608109,32768000,True,,1.0,56.73490399999999,26.0307299375,24.111719058593746,23.991780878662105
pir-indexed-use-cases-v1/campaign,singlepass,32,,2,clustered,directory,16,64,0,0,16,0,hashed,8,4,1,120,4096,1,,defra-secondary,5,10,33.7263905,33.558094999999994,34.931197999999995,99.34855000000002,49.67427500000001,6.158556999999988,22.472332,31.97433500000001,11.278114499999997,0,561216,140833,11.649198,1.886979,76.4725,1123037,102,561503,229.21068350000002,236.027119,32677888,True,,1.0,65.7007255,35.7247864375,33.851290246093754,33.73419673413086
pir-indexed-use-cases-v1/campaign,singlepass,32,,2,clustered,directory,16,64,0,0,1,0,hashed,8,4,256,120,4096,1,,defra-secondary,5,2560,0.9006324589843745,0.8924605312499994,0.906788515625,503.87089000000003,0.9841228320312501,16.093227000000297,24.426599499999995,42.74642200000022,0.8053073730468747,0,562176,147471,11.3322305,0.2364505,136.45749999999998,1130636,112,35428,485.43397600000003,493.884838,32800768,True,,1.0,43.6470544589846,3.5722838339843883,1.0676106699218755,0.9110685971679683
pir-indexed-use-cases-v1/campaign,singlepass,32,,2,clustered,directory,16,64,0,0,16,0,hashed,8,4,256,120,4096,1,,defra-secondary,5,2560,11.261866603515632,11.197461701171882,11.629397501953125,5811.930816,11.351427375,19.685741999996935,22.836252000000016,45.65899499999705,11.173856724609381,0,561216,140833,11.670436500000001,1.7489165,525.2815,1123046,102,561521,3461.428146,3745.558679,33177600,True,,1.0,56.92086160351268,14.115553791015447,11.44022205273437,11.273013819091803
pir-indexed-use-cases-v1/campaign,dense,32,,2,clustered,directory,16,64,0,0,1,0,hashed,8,4,1,120,65536,1,,defra-secondary,5,10,1.5100930000000021,1.4503960000000014,1.5766064999999956,515.213486,257.606743,68.17658600000001,0.2257655,512.1933,1.2942850000000092,0,8994816,43792,6.7935265000000005,0.4873775,70.1545,43824,2130,8994,190.4811585,205.80985,30035968,True,,1.0,513.703393,33.522174250000006,3.510848078125002,1.6351401923828146
pir-indexed-use-cases-v1/campaign,dense,32,,2,clustered,directory,16,64,0,0,4,0,hashed,8,4,1,120,65536,1,,defra-secondary,5,10,1.7920579999999964,1.688664999999998,1.8956759999999973,496.77408799999995,248.38704399999997,68.90638999999999,0.15685700000000002,493.189972,1.6474989999999963,0,8982528,11024,6.726393,0.3927615,69.35649999999998,11056,594,35298,191.40811200000002,194.343537,29704192,True,,1.0,494.98203,32.61643125,3.7185813281249964,1.912465708007809
pir-indexed-use-cases-v1/campaign,dense,32,,2,clustered,directory,16,64,0,0,16,0,hashed,8,4,1,120,65536,1,,defra-secondary,5,10,3.734971000000005,3.657633499999997,3.8393659999999943,503.97120700000005,251.98560350000002,68.70703200000003,0.1464935,496.378547,3.593477,0,8979456,2834,6.7318085,0.909434,70.439,2866,210,140514,195.40245,218.659666,29908992,True,,1.0,500.11351800000006,34.7586301875,5.673949699218755,3.856157168701177
pir-indexed-use-cases-v1/campaign,dense,32,,2,clustered,directory,16,64,0,0,64,0,hashed,8,4,1,120,65536,1,,defra-secondary,5,10,12.541783499999998,12.33641999999999,12.627093000000002,528.991638,264.495819,70.88352700000002,0.1294005,504.318798,12.412382999999998,0,8978688,787,6.683486,3.566828,72.478,819,114,561376,206.322483,212.800258,30711808,True,,1.0,516.8605815,44.061708374999995,14.511778804687498,12.664908206542966
pir-indexed-use-cases-v1/campaign,dense,32,,2,clustered,xor,16,64,0,0,16,0,hashed,8,4,1,120,65536,1,,defra-secondary,5,10,1.719943000000002,1.695377499999998,1.8860580000000058,716.2607,358.13035,93.38352400000002,0.140997,712.819731,1.578946000000002,0,12688032,81,6.6512910000000005,0.25630200000000003,68.8695,109,2950,9058,187.384318,190.863287,29663232,True,,1.0,714.5396740000001,46.271176187500004,4.504395074218753,1.8939712546386738
pir-indexed-use-cases-v1/campaign,dense,32,,2,clustered,binary-tags,16,64,0,0,16,0,hashed,8,4,1,120,65536,1,,defra-secondary,5,10,40.39770150000009,38.361076500000024,43.02227549999987,3235.056142,1617.528071,579.0648800000004,0.12904,3153.088022,40.24897450000009,0,62849024,109,6.6264055,2.354441,70.324,139,100926,62853,227.7654715,231.080233,29618176,True,,7.0,3193.4857235,237.4657028750001,52.71445158593759,41.167498380371185
pir-indexed-use-cases-v1/campaign,dense,32,,2,clustered,directory,1,64,0,0,1,0,hashed,8,4,1,184,32768,1,,global-receipt,5,10,2.2821460000000027,2.194637000000005,2.3976154999999886,521.849012,260.924506,64.66849100000002,0.766598,517.0537810000001,1.4807984999999988,0,6717440,349627,8.466895000000001,2.8988395000000002,74.21749999999999,349659,16466,1030,196.3691455,233.483827,33300480,True,,1.0,519.3359270000001,34.59800731250001,4.301887332031253,2.408379833251956
pir-indexed-use-cases-v1/campaign,dense,32,,2,clustered,directory,1,64,0,0,16,0,hashed,8,4,1,184,32768,1,,global-receipt,5,10,1.2502440000000035,1.2055954999999985,1.3428160000000067,418.707548,209.353774,52.192023999999975,0.1714395,416.294673,1.0836340000000035,0,6594560,21949,6.703219499999999,0.365476,69.0195,21981,1106,13089,187.65256649999998,190.523103,29839360,True,,1.0,417.544917,27.2686610625,2.8763950664062534,1.3518784416503942
pir-indexed-use-cases-v1/campaign,dense,32,,2,clustered,xor,1,64,0,0,16,0,hashed,8,4,1,184,32768,1,,global-receipt,5,10,2.3079495000000003,2.277336000000007,2.4369239999999825,884.881966,442.440983,103.97395,0.134932,880.092593,2.1730175000000003,0,10826736,81,6.5912605,0.3151275,69.0635,109,23022,1154,190.19303000000002,197.952883,29736960,True,,1.0,882.4005424999999,57.3137365625,5.745811191406251,2.522815855712891
pir-indexed-use-cases-v1/campaign,dense,32,,2,clustered,binary-tags,1,64,0,0,16,0,hashed,8,4,1,184,32768,1,,global-receipt,5,10,3.07133600000001,2.9963549999999737,3.2393285000000076,689.095199,344.5475995,96.334304,0.1521835,682.774947,2.91915250000001,0,13172736,108,6.5672405000000005,0.4281685,69.368,138,4260,26148,191.943418,193.957071,29655040,True,,2.0,685.846283,45.74477018750001,5.73842563671876,3.2380291022949317
pir-indexed-use-cases-v1/campaign,dense,32,,2,clustered,directory,1,64,0,0,1,0,hashed,8,4,1,256,32768,1,,global-document,5,10,2.6649835,2.6147699999999876,2.8036079999999863,626.21578,313.10789,84.17491000000001,0.829871,620.885813,1.864618,0,9076736,349627,8.458959499999999,2.9801460000000004,74.27250000000001,349659,16466,1318,197.03803,204.101077,33292288,True,,1.0,623.5507964999999,41.4703468125,5.0903187070312494,2.8165669504394533
pir-indexed-use-cases-v1/campaign,dense,32,,2,clustered,directory,1,64,0,0,16,0,hashed,8,4,1,256,32768,1,,global-document,5,10,1.5143714999999958,1.4497804999999975,1.6118520000000025,524.360776,262.180388,68.68814599999999,0.1624625,521.461215,1.323164999999996,0,8953856,21949,6.757422999999999,0.3916955,68.8915,21981,1106,17698,189.04429449999998,218.46602,29786112,True,,1.0,522.9755865000001,34.1056974375,3.551329371093746,1.6416813669433552
pir-indexed-use-cases-v1/campaign,dense,32,,2,clustered,xor,1,64,0,0,16,0,hashed,8,4,1,256,32768,1,,global-document,5,10,2.6026275000000174,2.513701499999986,2.70230400000001,1060.5175510000001,530.2587755000001,127.81287900000007,0.14324699999999999,1055.280706,2.4263540000000177,0,14129808,81,6.5603584999999995,0.314666,68.5965,109,23022,1442,189.574145,194.148201,29683712,True,,1.0,1057.8833335,68.55767162500001,6.7248177578125174,2.8602643911132986
pir-indexed-use-cases-v1/campaign,dense,32,,2,clustered,binary-tags,1,64,0,0,16,0,hashed,8,4,1,256,32768,1,,global-document,5,10,3.9386555000000185,3.7547480000000073,4.034834999999996,933.011446,466.505723,135.266791,0.142731,924.9893139999999,3.7528745000000185,0,17891328,108,6.48063,0.48087,68.45150000000001,138,4260,35364,189.881077,194.839611,29601792,True,,2.0,928.9279694999999,61.75048762500001,7.551895007812519,4.1644829692383
pir-indexed-use-cases-v1/campaign,dense,32,,2,clustered,directory,64,64,0,0,1,0,hashed,8,4,1,120,32768,1,,global-secondary,5,10,1.3853090000000012,1.3507460000000018,1.4429874999999996,244.69152599999998,122.34576299999999,33.61537199999998,0.152574,241.84195699999998,1.2551370000000013,0,4491264,5563,6.5714395,0.365421,68.80199999999999,5595,338,35296,185.9970015,191.544638,29646848,True,,1.0,243.227266,16.500431312499998,2.330004144531251,1.4443524465332043
pir-indexed-use-cases-v1/campaign,dense,32,,2,clustered,directory,64,64,0,0,16,0,hashed,8,4,1,120,32768,1,,global-secondary,5,10,11.948814500000005,11.820434,12.089843499999997,267.067975,133.5339875,35.58937900000001,0.143743,242.888288,11.805071500000004,0,4489344,447,6.615946,3.75612,72.374,479,98,561375,201.7192055,211.237764,30683136,True,,1.0,254.8371025,27.129332500000004,12.897596875000005,12.008113398437505
pir-indexed-use-cases-v1/campaign,dense,32,,2,clustered,xor,64,64,0,0,16,0,hashed,8,4,1,120,32768,1,,global-secondary,5,10,1.5516440000000002,1.4847449999999986,1.7004070000000036,330.140431,165.0702155,52.16725999999997,0.13251200000000002,326.987887,1.3982235000000003,0,6266580,79,6.511767,0.326448,67.9505,107,442,35168,186.46990649999998,193.189882,29700096,True,,1.0,328.539531,21.9883869375,2.8289404335937505,1.6314750270996097
pir-indexed-use-cases-v1/campaign,dense,32,,2,clustered,binary-tags,64,64,0,0,16,0,hashed,8,4,1,120,32768,1,,global-secondary,5,10,58.86640849999958,57.87986899999975,60.59959800000008,2732.0354929999994,1366.0177464999997,522.4774220000004,0.13310850000000002,2610.8362969999994,58.72634749999958,0,53870592,110,6.5794440000000005,2.6894549999999997,71.559,140,148440,107749,247.634483,257.946912,29638656,True,,12.0,2669.702705499999,222.04367706249954,69.06498778515582,59.503819705321845
pir-indexed-use-cases-v1/campaign,dense,32,,4,clustered,directory,4,64,0,0,16,2048,hashed,8,4,1,120,16384,1,,skewed-secondary,5,20,28.56849175000003,28.169421250000006,29.138780250000032,2958.517335,739.62933375,549.8564510000001,0.133501,2843.503141,28.44138250000003,0,64980000,2504,6.6081695,6.7773175000000005,75.0435,2536,198,1155412,220.4410935,350.089539,32034816,True,online-wire,1.0,2872.0716327500004,206.28743806250003,39.67592589453128,29.262706384033233
pir-indexed-use-cases-v1/campaign,dense,32,/mnt/c/src/defradb.rs/target/pir-indexed-use-cases-v1/canonical-8192.json,2,clustered,canonical-directory,1,16,0,0,1,0,linear,8,4,1,2008,8192,1,/mnt/c/src/defradb.rs/target/release/examples/cold-canonical,mizu-canonical-witness,5,10,2.5061325000000116,2.345909000000023,2.801007499999989,41608.258015,20804.1290075,139.6530649999999,0.342358,41603.482039,2.190800500000009,40734.777324,16623597,87573,7.00232,7.976113999999999,78.4225,87609,4182,8326,205.0795715,227.998475,61128704,True,,1.0,41605.9881715,2602.7237599375003,165.01973421484377,12.663232607177747
pir-indexed-use-cases-v1/campaign,dense,32,/mnt/c/src/defradb.rs/target/pir-indexed-use-cases-v1/canonical-8192.json,2,clustered,canonical-directory,1,16,0,0,1,0,linear,8,4,64,2008,8192,1,/mnt/c/src/defradb.rs/target/release/examples/cold-canonical,mizu-canonical-witness,5,640,1.900316015624999,1.8315411953124978,3.013440390624998,41834.309639,326.8305440546875,137.26368200000024,0.2970985,41591.129834,1.895673851562499,40734.777324,16623597,87573,7.13778,7.354924499999999,545.3485000000001,87609,4182,8326,1188.5265235000002,1466.497006,61538304,True,,1.0,41593.03015001563,2601.345930640625,164.3656669296875,12.054400447753904
pir-indexed-use-cases-v1/campaign,dense,32,/mnt/c/src/defradb.rs/target/pir-indexed-use-cases-v1/canonical-8192.json,2,clustered,canonical-directory,1,16,0,0,4,0,linear,8,4,1,2008,8192,1,/mnt/c/src/defradb.rs/target/release/examples/cold-canonical,mizu-canonical-witness,5,10,2.375128999999979,2.286683999999994,2.4499929999999983,41566.341165000005,20783.170582500003,134.06604199999998,0.2039195,41561.565821000004,2.1680424999999985,40734.777324,16605096,22037,6.745649,7.6114654999999996,76.22649999999999,22073,1110,32626,206.1029775,226.803181,59564032,True,,1.0,41563.940950000004,2599.9729928125003,164.72499548828125,12.521995655517557
pir-indexed-use-cases-v1/campaign,dense,32,/mnt/c/src/defradb.rs/target/pir-indexed-use-cases-v1/canonical-8192.json,2,clustered,canonical-directory,1,16,0,0,4,0,linear,8,4,64,2008,8192,1,/mnt/c/src/defradb.rs/target/release/examples/cold-canonical,mizu-canonical-witness,5,640,2.0076436718749986,1.9530117421875008,2.0105220937500037,41805.229513000006,326.60335557031254,132.22329000000025,0.191091,41554.658598,2.0045155781249986,40734.777324,16605096,22037,6.772558,7.216175000000009,532.1205,22073,1110,32626,1180.2115239999998,1187.860664,60243968,True,,1.0,41556.666241671875,2599.173806046875,164.3305288203125,12.152823993652342
pir-indexed-use-cases-v1/campaign,dense,32,/mnt/c/src/defradb.rs/target/pir-indexed-use-cases-v1/canonical-8192.json,2,clustered,canonical-directory,1,16,0,0,16,0,linear,8,4,1,2008,8192,1,/mnt/c/src/defradb.rs/target/release/examples/cold-canonical,mizu-canonical-witness,5,10,4.232318000000021,4.171959999999994,4.330906500000014,41556.801478,20778.400739,135.83887399999998,0.1409375,41548.456085000005,4.032445499999994,40734.777324,16623252,5655,6.5401620000000005,7.7927485,76.15799999999999,5691,342,129826,206.67585250000002,210.162865,59662336,True,,1.0,41552.68840300001,2601.0108233125,166.5309745820313,14.375984036376975
pir-indexed-use-cases-v1/campaign,dense,32,/mnt/c/src/defradb.rs/target/pir-indexed-use-cases-v1/canonical-8192.json,2,clustered,canonical-directory,1,16,0,0,16,0,linear,8,4,64,2008,8192,1,/mnt/c/src/defradb.rs/target/release/examples/cold-canonical,mizu-canonical-witness,5,640,3.8366263125,3.802123124999997,3.912375749999998,42044.461729,328.4723572578125,130.9284640000003,0.1558,41555.096767,3.8339792656250005,40734.777324,16623252,5655,6.665438,7.439852000000004,546.334,5691,342,129826,1309.243849,1334.860372,60379136,True,,1.0,41558.9333933125,2601.03017425,166.16122305859375,13.98191360913086
pir-indexed-use-cases-v1/campaign,singlepass,32,/mnt/c/src/defradb.rs/target/pir-indexed-use-cases-v1/canonical-8192.json,2,clustered,canonical-directory,1,16,0,0,1,0,linear,8,4,1,2008,8192,1,/mnt/c/src/defradb.rs/target/release/examples/cold-canonical,mizu-canonical-witness,5,10,734.4773989999997,724.5673614999997,738.5389879999999,43042.821497000004,21521.410748500002,126.6533880000004,733.7002314999997,41583.260355000006,0.8151735000000428,40734.777324,16623597,4376130,126.5719125,7.856305,196.618,33442169,130,32765,1034.4268325,1072.204365,102678528,True,,1.0,42317.73775400001,3333.4311711875,896.9120097617184,744.629562172607
pir-indexed-use-cases-v1/campaign,singlepass,32,/mnt/c/src/defradb.rs/target/pir-indexed-use-cases-v1/canonical-8192.json,2,clustered,canonical-directory,1,16,0,0,1,0,linear,8,4,64,2008,8192,1,/mnt/c/src/defradb.rs/target/release/examples/cold-canonical,mizu-canonical-witness,5,640,12.29713300000001,12.216876203124997,12.597373171874995,43170.747637,337.2714659140625,134.3041060000005,735.3431395000005,41596.714613000004,0.806060460937492,40734.777324,16623597,4376130,131.4941115,7.256900499999993,658.4359999999999,33442185,132,32766,1960.5369105,1996.255847,103383040,True,,1.0,41609.011746000004,2612.0917963125003,174.78429945703127,22.452580903564463
pir-indexed-use-cases-v1/campaign,singlepass,32,/mnt/c/src/defradb.rs/target/pir-indexed-use-cases-v1/canonical-8192.json,2,clustered,canonical-directory,1,16,0,0,4,0,linear,8,4,1,2008,8192,1,/mnt/c/src/defradb.rs/target/release/examples/cold-canonical,mizu-canonical-witness,5,10,746.9517075,746.0562180000002,748.8956455000001,43048.134404000004,21524.067202000002,133.45928400000003,744.0992590000001,41553.288599,2.7436599999999345,40734.777324,16605096,4212221,130.14182449999998,7.768152499999999,199.2735,33259202,122,129957,1044.4908555,1060.479627,184868864,True,client-rss,1.0,42300.240306499996,3344.0322449375,909.2692410898437,757.0965533493652
pir-indexed-use-cases-v1/campaign,singlepass,32,/mnt/c/src/defradb.rs/target/pir-indexed-use-cases-v1/canonical-8192.json,2,clustered,canonical-directory,1,16,0,0,4,0,linear,8,4,64,2008,8192,1,/mnt/c/src/defradb.rs/target/release/examples/cold-canonical,mizu-canonical-witness,5,640,14.425874960937502,14.396106359374995,14.558210210937489,43413.119395,339.1649952734375,131.9882939999993,748.5961124999999,41564.855828,2.7452302265625086,40734.777324,16605096,4212221,130.542292,7.296269000000013,661.6095,33259188,122,129964,2063.452413,2111.796797,184860672,True,client-rss,1.0,41579.281702960936,2612.2293642109375,176.7885930390625,24.573544840820315
pir-indexed-use-cases-v1/campaign,singlepass,32,/mnt/c/src/defradb.rs/target/pir-indexed-use-cases-v1/canonical-8192.json,2,clustered,canonical-directory,1,16,0,0,16,0,linear,8,4,1,2008,8192,1,/mnt/c/src/defradb.rs/target/release/examples/cold-canonical,mizu-canonical-witness,5,10,677.7826920000002,676.888363,682.5142834999999,42918.30668,21459.15334,140.75408200000015,667.4104085,41562.741296,10.412197999999904,40734.777324,16623252,4194027,157.069298,8.78519,228.74,33258958,117,518756,1002.8045015,1042.079749,258998272,True,client-rss,1.0,42240.523988,3275.4540230000002,840.1371501875002,687.9298456367189
pir-indexed-use-cases-v1/campaign,singlepass,32,/mnt/c/src/defradb.rs/target/pir-indexed-use-cases-v1/canonical-8192.json,2,clustered,canonical-directory,1,16,0,0,16,0,linear,8,4,64,2008,8192,1,/mnt/c/src/defradb.rs/target/release/examples/cold-canonical,mizu-canonical-witness,5,640,20.713151757812483,20.63982967187502,20.822077429687496,44226.176322,345.517002515625,152.4707730000032,666.322543,41574.67763500001,10.278290492187487,40734.777324,16623252,4194027,166.007084,8.355496499999997,770.097,33258965,120,518763,2557.3948179999998,2583.71952,258891776,True,client-rss,1.0,41595.39078675782,2619.1305039453127,183.11423626953126,30.863219539794905
pir-indexed-use-cases-v1/campaign,dense,32,,4,clustered,packed-presence,1,16,0,0,16,0,hashed,8,4,1,8,1024,1,,shared-epoch-alerts,5,20,0.36751549999999955,0.33831700000000037,0.37808149999999974,23.353027,5.83825675,3.211506,0.125544,21.882965000000006,0.23757249999999974,0,8192,31,6.635297,0.170797,68.371,51,4178,210,184.894322,193.675443,29634560,True,,1.0,22.250480500000005,1.7352008125,0.4529958320312496,0.3728580207519527
pir-indexed-use-cases-v1/campaign,dense,32,,4,clustered,directory-presence,1,16,0,0,16,0,hashed,8,4,1,8,1024,1,,shared-epoch-alerts,5,20,0.32525550000000003,0.3048469999999999,0.32989925,7.906995,1.97674875,2.0681510000000003,0.138423,6.634227,0.18785725000000003,0,18688,778,6.6956869999999995,0.1812165,69.0175,810,114,1375,187.065602,195.486992,29577216,True,,1.0,6.9594825,0.7398946875000001,0.35117044921875,0.3268751843261719
pir-indexed-use-cases-v1/campaign,dense,32,,4,clustered,public-presence,1,16,0,0,16,0,hashed,8,4,1,8,1024,1,,shared-epoch-alerts,5,20,0.17572,0.1645215,0.19214275,4.352406,1.0881015,0,0.17572,3.59178,0.0,0,0,10958,0.19756800000000002,0.024045,62.034499999999994,10982,0,0,173.885502,180.70042,28438528,True,,0.0,3.7675,0.40020625,0.189750390625,0.17659689941406248
pir-indexed-use-cases-v1/campaign,dense,32,,4,clustered,packed-presence,1,16,0,0,16,0,hashed,8,4,256,8,1024,1,,shared-epoch-alerts,5,5120,0.14756898242187486,0.14662061621093742,0.14807145019531223,193.55122599999999,0.18901486914062499,24.306521000000146,0.1309815,42.69880800000004,0.14712613574218725,0,8192,31,6.5840985,0.13151000000000002,105.02449999999999,51,4178,214,266.43606,276.92195,29818880,True,,1.0,42.846376982421916,2.8162444824218773,0.31436120117187505,0.15799349609374985
pir-indexed-use-cases-v1/campaign,dense,32,,4,clustered,directory-presence,1,16,0,0,16,0,hashed,8,4,256,8,1024,1,,shared-epoch-alerts,5,5120,0.13327018847656258,0.13219271191406234,0.1349663105468747,163.015537,0.1591948603515625,22.21089800000007,0.1281715,27.183187999999802,0.13274376855468759,0,18688,778,6.627029,0.134986,105.44899999999998,810,114,1378,265.3163875,276.799916,29839360,True,,1.0,27.316458188476364,1.8322194384765502,0.2394545166015618,0.13990670898437502
pir-indexed-use-cases-v1/campaign,dense,32,,4,clustered,public-presence,1,16,0,0,16,0,hashed,8,4,256,8,1024,1,,shared-epoch-alerts,5,5120,0.00070112109375,0.0005880888671875,0.00073058984375,4.258493,0.0041586845703125,0,0.179487,3.539492,0.0,0,0,10958,0.196942,0.019376499999999998,68.78800000000001,10982,0,0,181.13081,187.154278,28553216,True,,0.0,3.54019312109375,0.22191937109375,0.01452726171875,0.0015652548828125
pir-indexed-use-cases-v1/campaign,dense,32,,4,clustered,packed-presence,1,16,0,0,16,0,hashed,8,4,1,8,16384,1,,shared-epoch-alerts,5,20,0.3592692500000003,0.3535787500000008,0.3700262499999997,58.231592000000006,14.557898000000002,3.173643,0.130463,56.794515000000004,0.23001550000000037,0,8192,31,6.5957825,0.1711735,68.531,51,4178,210,183.905232,193.333239,29618176,True,,1.0,57.15378425,3.908926437500001,0.5811228242187503,0.3731350983886722
pir-indexed-use-cases-v1/campaign,dense,32,,4,clustered,directory-presence,1,16,0,0,16,0,hashed,8,4,1,8,16384,1,,shared-epoch-alerts,5,20,0.37360150000000003,0.36214475000000024,0.3988959999999999,64.908687,16.22717175,3.994877999999998,0.14540875,63.313103,0.23182974999999995,0,264552,9759,6.7817895,0.235814,69.54599999999999,9791,538,1374,186.086084,197.730089,29671424,True,,1.0,63.6867045,4.3306704375,0.62091830859375,0.3890588005371094
pir-indexed-use-cases-v1/campaign,dense,32,,4,clustered,public-presence,1,16,0,0,16,0,hashed,8,4,1,8,16384,1,,shared-epoch-alerts,5,20,0.182928,0.15731,0.218274,39.459272,9.864818,0,0.182928,38.7816,0.0,0,0,10958,0.1989755,0.024315,62.046499999999995,10982,0,0,177.09369550000002,204.699167,28405760,True,,0.0,38.964527999999994,2.606778,0.33441862499999997,0.1923961640625
pir-indexed-use-cases-v1/campaign,dense,32,,4,clustered,packed-presence,1,16,0,0,16,0,hashed,8,4,256,8,16384,1,,shared-epoch-alerts,5,5120,0.14727170898437494,0.14653862402343748,0.14779437402343776,228.70744399999998,0.22334711328124998,24.1877249999998,0.13407725,77.98272900000032,0.14680724902343745,0,8192,31,6.596641,0.1322775,104.66900000000001,51,4178,214,266.4417635,276.122974,29818880,True,,1.0,78.1300007089847,5.021192271484395,0.45189174414062616,0.16631046118164064
pir-indexed-use-cases-v1/campaign,dense,32,,4,clustered,directory-presence,1,16,0,0,16,0,hashed,8,4,256,8,16384,1,,shared-epoch-alerts,5,5120,0.14361248535156268,0.14187638378906225,0.14498532714843756,230.06638700000002,0.22467420605468752,24.48843099999982,0.13202350000000002,83.10537399999996,0.14293659863281266,0,264552,9759,6.7587505,0.161921,112.59,9791,538,1378,275.0347035,281.965308,29900800,True,,1.0,83.24898648535152,5.33769836035156,0.4682428525390625,0.16390188330078143
pir-indexed-use-cases-v1/campaign,dense,32,,4,clustered,public-presence,1,16,0,0,16,0,hashed,8,4,256,8,16384,1,,shared-epoch-alerts,5,5120,0.0006731572265625001,0.000623154296875,0.0007186621093750001,39.375806,0.038452935546875,0,0.17232825000000002,38.737696,0.0,0,0,10958,0.197854,0.019336,69.18549999999999,10982,0,0,183.332422,188.184715,28536832,True,,0.0,38.738369157226565,2.4217791572265623,0.1519922822265625,0.0101306025390625
pir-indexed-use-cases-warm-v1/campaign,dense,32,,2,clustered,directory,4,64,0,0,1,0,hashed,8,4,1024,804,65536,1,,mizu-routing,5,10240,4.466110629394536,4.426075505371092,4.722491471191402,12089.775255,5.903210573730469,591.5567230000033,0.4374745,2957.7937470000033,4.46570289257813,0,53870592,174865,7.5199615,0.8996005,1015.1054999999999,174897,8274,13380,5848.4366235,6069.429217,38109184,True,,1.0,2962.259857629398,189.32821981689474,16.0199924536133,5.188228243408209
pir-indexed-use-cases-warm-v1/campaign,dense,32,,2,clustered,directory,4,64,0,0,16,0,hashed,8,4,1024,804,65536,1,,mizu-routing,5,10240,7.431459564453123,7.36098321142578,7.49258876513672,17998.842948,8.788497533203126,545.576987000004,0.1472595,2779.2137600000024,7.431310028808593,0,53809152,11027,6.659184,1.0384095,1198.2305000000001,11059,594,210420,8914.762728,9050.635923,36622336,True,,1.0,2786.6452195644556,181.13231956445327,18.28776331445313,8.109978548828124
pir-indexed-use-cases-warm-v1/campaign,dense,32,,2,clustered,directory,4,64,0,0,1,0,hashed,8,4,1024,548,65536,1,,shinzo-logs,5,10240,3.539650265136721,3.4423302319335933,4.235115041015617,9326.592270000001,4.554000131835938,414.4479579999979,0.44583,2100.814277999998,3.5391463134765644,0,37093376,174865,7.4754125,0.8659479999999999,993.6755,174897,8274,9284,4780.125739,5956.0126,36581376,True,,1.0,2104.3539282651345,134.8405426401366,11.745956038574214,4.052544375976565
pir-indexed-use-cases-warm-v1/campaign,dense,32,,2,clustered,directory,4,64,0,0,16,0,hashed,8,4,1024,548,65536,1,,shinzo-logs,5,10240,5.3175843427734275,5.208498251464838,5.345510498535148,12863.104046,6.280812522460938,372.77556800000275,0.1526145,2039.3093590000299,5.317449633789051,0,37031936,11027,6.6245805,0.6841790000000001,787.9749999999999,11059,594,144884,6295.736052,6525.749256,34906112,True,,1.0,2044.6269433428033,132.77441928027528,13.283636526367294,5.815462604248044
pir-indexed-use-cases-warm-v1/campaign,dense,32,,2,clustered,directory,1,64,0,0,1,0,hashed,8,4,1024,184,10000,1,,shinzo-receipt,5,10240,0.2472506782226561,0.24283578515624948,0.25212560595703093,698.00353,0.3408220361328125,63.6914560000007,0.33480350000000003,195.45833100000044,0.24690031347656233,0,2050000,106767,7.1319894999999995,0.448194,543.1769999999999,106799,5082,1032,946.386154,964.502995,32145408,True,,1.0,195.7055816782231,12.463396365722684,1.0107597836914077,0.29496999731445306
pir-indexed-use-cases-warm-v1/campaign,dense,32,,2,clustered,directory,1,64,0,0,16,0,hashed,8,4,1024,184,10000,1,,shinzo-receipt,5,10240,0.4188313774414069,0.41723139746093774,0.4207609238281247,1014.003444,0.495118869140625,54.583291999998664,0.1344455,159.2771110000017,0.41872018408203193,0,2012500,6768,6.6679034999999995,0.182675,266.9605,6800,398,13092,841.4521465,850.302935,30924800,True,,1.0,159.6959423774431,10.373650814941513,1.0410075922851636,0.4577173908691417
pir-indexed-use-cases-warm-v1/campaign,singlepass,32,,2,clustered,directory,1,64,0,0,1,0,hashed,8,4,1024,184,10000,1,,shinzo-receipt,5,10240,0.2711767905273427,0.26771045751953115,0.27378073779296846,746.054267,0.36428431005859374,59.74599699999999,93.45704399999997,190.35400700000002,0.1804062583007809,0,2050000,779267,38.7056325,0.44182350000000004,564.5015000000001,4337727,132,3576,978.146701,989.137174,33497088,True,,1.0,190.62518379052736,12.168302228027343,1.0147471303710929,0.31764993676757713
pir-indexed-use-cases-warm-v1/campaign,singlepass,32,,2,clustered,directory,1,64,0,0,16,0,hashed,8,4,1024,184,10000,1,,shinzo-receipt,5,10240,1.191239791992189,1.1869465307617204,1.1971387573242214,2601.623455,1.2703239526367187,57.23738200000162,83.70288149999999,161.9643609999971,1.1094305942382827,0,2012500,522356,21.995146499999997,0.27180150000000003,374.53150000000005,4040018,122,51830,1690.7080919999999,1718.439439,41607168,True,,1.0,163.1556007919893,11.314012354492007,1.8239130771484278,1.230781872314454
pir-indexed-use-cases-warm-v1/campaign,dense,32,,2,clustered,directory,1,64,0,0,1,0,hashed,8,4,1024,256,65536,1,,defra-document,5,10240,3.0822287875976473,3.043500629882812,3.154562344726565,7772.5120640000005,3.7951719062500002,305.25567399999545,1.6139715,1477.0749960000012,3.0805644282226474,0,18153472,699151,9.930776,3.1911885,3368.715,699183,32850,1336,6681.499784,7237.183628,38842368,True,,1.0,1480.1572247875988,95.39941603759772,8.852052990722651,3.44284280029296
pir-indexed-use-cases-warm-v1/campaign,dense,32,,2,clustered,directory,1,64,0,0,16,0,hashed,8,4,1024,256,65536,1,,defra-document,5,10240,1.633764278320311,1.4436849277343775,1.7765692724609325,4479.670897,2.1873393051757812,189.23360399999456,0.211559,1141.62011300001,1.6335576777343734,0,17907712,43793,6.8314105000000005,0.3213585,410.153,43825,2130,17714,2196.4947885,2375.89528,31485952,True,,1.0,1143.2538772783303,72.98502134082094,6.0932178447266,1.912480126220704
pir-indexed-use-cases-warm-v1/campaign,singlepass,32,,2,clustered,directory,1,64,0,0,1,0,hashed,8,4,1024,256,65536,1,,defra-document,5,10240,1.1265862666015636,1.1256259360351626,1.127598728515625,3708.126978,1.8106088759765624,240.7216100000096,906.0525344999994,1402.8450609999868,0.24080900781250714,0,18153472,6286095,239.1211965,2.613072,3137.7255,37864318,142,4736,4369.3778575,4451.082335,45068288,True,,1.0,1403.9716472665884,88.80440257910074,6.606449786132762,1.4690777365722636
pir-indexed-use-cases-warm-v1/campaign,singlepass,32,,2,clustered,directory,1,64,0,0,16,0,hashed,8,4,1024,256,65536,1,,defra-document,5,10240,2.2643103867187553,2.2521440268554676,2.290784636230473,5772.800315,2.818750153808594,185.54016799998863,772.832721,1136.3247559999918,1.5095909326171928,0,17907712,4586257,137.73461,0.4196615,643.8364999999999,35912877,127,70260,3037.6952920000003,3130.636291,66973696,True,,1.0,1138.5890663867106,73.28460763671825,6.703078964843723,2.541733422851566
pir-indexed-use-cases-warm-v1/campaign,dense,32,,2,clustered,directory,16,64,0,0,1,0,hashed,8,4,1024,120,65536,1,,defra-secondary,5,10240,0.7671838461914042,0.6155835141601566,0.8575521538085955,2124.630572,1.037417271484375,111.96760800000038,0.2144395,553.4380550000046,0.7669933056640603,0,8994816,43792,6.8143355,0.294489,382.783,43824,2130,8997,1328.414524,1421.408676,36728832,True,,1.0,554.205238846196,35.35706228369169,2.9290512485351723,0.9023005588378897
pir-indexed-use-cases-warm-v1/campaign,dense,32,,2,clustered,directory,16,64,0,0,16,0,hashed,8,4,1024,120,65536,1,,defra-secondary,5,10240,3.2829510366210894,3.2589714829101606,3.318714770996089,7258.646255999999,3.5442608671874996,115.29810900000848,0.1312945,538.1422749999947,3.2828228193359332,0,8979456,2834,6.7074165,0.6650985,767.425,2866,210,140530,4281.1979475,4310.227499,36634624,True,,1.0,541.4252260366158,36.91684322412076,5.385069298339818,3.41433342797851
pir-indexed-use-cases-warm-v1/campaign,singlepass,32,,2,clustered,directory,16,64,0,0,1,0,hashed,8,4,1024,120,65536,1,,defra-secondary,5,10240,1.2318807773437466,1.2176496318359384,1.246046937011721,3079.034432,1.50343478125,109.07702599998947,392.1787374999999,553.0900830000073,0.8488937290039027,0,8994816,2358032,75.4736575,0.356193,514.8009999999999,18087085,128,35438,1881.6071355,1958.771768,48766976,True,,1.0,554.321963777351,35.800010964844205,3.392388914062525,1.3669125358886702
pir-indexed-use-cases-warm-v1/campaign,singlepass,32,,2,clustered,directory,16,64,0,0,16,0,hashed,8,4,1024,120,65536,1,,defra-secondary,5,10240,11.519374139160139,11.45346260302736,11.609316122558585,24138.592073,11.786421910644531,125.87829999997848,360.53196300000025,549.6485789999751,11.16874202148436,0,8979456,2251794,81.359695,1.739264,1943.2359999999999,17965200,112,561524,13569.1523195,13894.279117,83525632,True,,1.0,561.1679531391353,45.87241032665858,13.666438900878791,11.653565686767553
pir-indexed-use-cases-witness-warm-v1/campaign,dense,32,/mnt/c/src/defradb.rs/target/pir-indexed-use-cases-witness-warm-v1/canonical-8192.json,2,clustered,canonical-directory,1,16,0,0,1,0,linear,8,4,1024,2008,8192,1,/mnt/c/src/defradb.rs/target/release/examples/cold-canonical,mizu-canonical-witness,5,10240,1.9026268842773457,1.8825686982421843,2.0140493242187443,45586.171761000005,22.258872930175784,216.8648300000068,0.32172900000000004,41677.196576,1.9022971147460956,40734.777324,16623597,87573,6.985978,7.523529500000161,7810.143,87609,4182,8342,16447.5210085,17166.002134,70930432,True,,1.0,41679.09920288428,2606.7274128842773,164.70417600927735,12.077723704589847
pir-indexed-use-cases-witness-warm-v1/campaign,singlepass,32,/mnt/c/src/defradb.rs/target/pir-indexed-use-cases-witness-warm-v1/canonical-8192.json,2,clustered,canonical-directory,1,16,0,0,1,0,linear,8,4,1024,2008,8192,1,/mnt/c/src/defradb.rs/target/release/examples/cold-canonical,mizu-canonical-witness,5,10240,1.5159031279296877,1.515293119140622,1.5249593579101497,44769.894448,21.8603000234375,190.03320000001395,725.3217860000003,41666.212029,0.8095661074218754,40734.777324,16623597,4376130,123.891771,7.280871000000255,7706.512999999999,33442174,132,32767,15717.6799945,15875.985288,103219200,True,,1.0,41667.727932127935,2605.6541549404296,164.27454386621093,11.688318174072267
