family,backend,rows,row_bytes,group,field_bits,key_layout,leaf_bits,partitions,count_only,distribution,update_every,mutation,queries_per_run,runs,verified_answers,phase_meter_complete,online_server_mean_ms,online_server_p95_ms,client_p95_ms,total_server_plus_lifecycle_ms,all_participant_ms,upload_max,download_max,index_bytes,caps,raw
radix,dense,32,16,1,0,contiguous,0,4,False,shuffled,0,value,12,1,12,True,1.0443190833333333,1.129603,0.971481,12.793166916666666,13.728243333333333,636,2076,3300,pass,../../../target/pir-index-compositions-smoke-v1/000-radix-dense-n32-g1-r0/result.json
radix,dense,32,16,2,0,contiguous,0,4,False,shuffled,0,value,12,1,12,True,0.67466375,0.7157330000000001,0.707319,11.65829,12.320617416666664,392,1384,2300,pass,../../../target/pir-index-compositions-smoke-v1/001-radix-dense-n32-g2-r0/result.json
radix,dense,32,16,4,0,contiguous,0,4,False,shuffled,0,value,12,1,12,True,0.4835136666666667,0.481746,0.54268,10.773961749999998,11.258764583333331,294,1038,1900,pass,../../../target/pir-index-compositions-smoke-v1/002-radix-dense-n32-g4-r0/result.json
radix,dense,32,16,8,0,contiguous,0,4,False,shuffled,0,value,12,1,12,True,0.3671311666666667,0.420772,0.36582,11.283917583333333,11.633790083333333,196,2980,9522,pass,../../../target/pir-index-compositions-smoke-v1/003-radix-dense-n32-g8-r0/result.json
radix,path,32,16,1,0,contiguous,0,4,False,shuffled,0,value,12,1,12,True,1.2289513333333333,1.369392,1.932531,7.4189795,9.14783825,33204,32826,3300,pass,../../../target/pir-index-compositions-smoke-v1/004-radix-path-n32-g1-r0/result.json
radix,path,32,16,2,0,contiguous,0,4,False,shuffled,0,value,12,1,12,True,0.7589684166666667,0.86966,1.242904,6.75556425,7.801160416666666,19004,18788,2300,pass,../../../target/pir-index-compositions-smoke-v1/005-radix-path-n32-g2-r0/result.json
radix,path,32,16,4,0,contiguous,0,4,False,shuffled,0,value,12,1,12,True,0.5495988333333334,0.567928,0.774923,6.289333083333332,7.0412460833333315,14253,14091,1900,pass,../../../target/pir-index-compositions-smoke-v1/006-radix-path-n32-g4-r0/result.json
radix,path,32,16,8,0,contiguous,0,4,False,shuffled,0,value,12,1,12,True,0.5991185833333333,0.68695,0.869679,6.707657,7.466151749999999,43822,43714,9522,pass,../../../target/pir-index-compositions-smoke-v1/007-radix-path-n32-g8-r0/result.json
hash,dense,32,16,4,0,contiguous,0,4,False,shuffled,0,value,12,1,12,True,0.5115385833333334,0.569992,0.575793,11.759885666666667,12.268379000000001,294,2526,5184,pass,../../../target/pir-index-compositions-smoke-v1/008-hash-dense-n32-g4-r0/result.json
hash,path,32,16,4,0,contiguous,0,4,False,shuffled,0,value,12,1,12,True,0.6654401666666667,0.690183,0.96727,6.268571916666667,7.172645083333333,36789,36627,5184,pass,../../../target/pir-index-compositions-smoke-v1/009-hash-path-n32-g4-r0/result.json
hash,singlepass,32,16,4,0,contiguous,0,4,False,shuffled,0,value,12,1,12,True,0.541989,0.609494,0.65459,11.52825075,12.099564916666667,324,9702,5184,pass,../../../target/pir-index-compositions-smoke-v1/010-hash-singlepass-n32-g4-r0/result.json
bitmap,dense,32,16,8,0,contiguous,0,4,False,shuffled,0,value,12,1,12,True,5.329188333333334,5.539696,11.873945,33.31859158333333,44.47611408333333,2306,2892,7917,pass,../../../target/pir-index-compositions-smoke-v1/011-bitmap-dense-n32-g8-r0/result.json
bitmap,dense,32,16,32,0,contiguous,0,4,False,shuffled,0,value,12,1,12,True,3.1602307499999998,3.2890819999999996,6.757206,30.72439633333333,36.76362508333333,1506,2511,8343,pass,../../../target/pir-index-compositions-smoke-v1/012-bitmap-dense-n32-g32-r0/result.json
bitmap,path,32,16,8,0,contiguous,0,4,False,shuffled,0,value,12,1,12,True,5.689786583333333,6.097945,14.20648,28.896476583333328,41.6176795,40751,39537,7917,pass,../../../target/pir-index-compositions-smoke-v1/013-bitmap-path-n32-g8-r0/result.json
bitmap,path,32,16,32,0,contiguous,0,4,False,shuffled,0,value,12,1,12,True,3.259663833333333,3.435384,7.584157,24.31727983333333,31.21341533333333,39640,38817,8343,pass,../../../target/pir-index-compositions-smoke-v1/014-bitmap-path-n32-g32-r0/result.json
wavelet,dense,32,16,8,0,contiguous,0,4,False,shuffled,0,value,12,1,12,True,4.27973675,4.378557000000001,3.808385,14.672839916666668,18.44953475,2736,4656,2552,pass,../../../target/pir-index-compositions-smoke-v1/015-wavelet-dense-n32-g8-r0/result.json
wavelet,dense,32,16,32,0,contiguous,0,4,False,shuffled,0,value,12,1,12,True,4.094593583333333,4.168926,3.843642,14.28090975,18.015447166666664,2544,4656,1892,pass,../../../target/pir-index-compositions-smoke-v1/016-wavelet-dense-n32-g32-r0/result.json
wavelet,path,32,16,8,0,contiguous,0,4,False,shuffled,0,value,12,1,12,True,4.3287337500000005,4.373057,6.208828,9.91959025,16.032562666666667,69632,68136,2552,pass,../../../target/pir-index-compositions-smoke-v1/017-wavelet-path-n32-g8-r0/result.json
wavelet,path,32,16,32,0,contiguous,0,4,False,shuffled,0,value,12,1,12,True,4.29888825,4.349864,6.169115,9.792709916666665,15.839527749999997,69640,68136,1892,pass,../../../target/pir-index-compositions-smoke-v1/018-wavelet-path-n32-g32-r0/result.json
posting,dense,32,16,4,0,contiguous,0,4,False,shuffled,0,value,12,1,12,True,0.1843935,0.206846,0.163745,10.792804583333334,10.951233583333334,106,322,3003,pass,../../../target/pir-index-compositions-smoke-v1/019-posting-dense-n32-g4-r0/result.json
posting,path,32,16,4,0,contiguous,0,4,False,shuffled,0,value,12,1,12,True,0.19154791666666668,0.20401000000000002,0.272737,5.713019,5.9848635,5115,5051,3003,pass,../../../target/pir-index-compositions-smoke-v1/020-posting-path-n32-g4-r0/result.json
posting,singlepass,32,16,4,0,contiguous,0,4,False,shuffled,0,value,12,1,12,True,0.17347433333333334,0.182861,0.236882,11.011241583333332,11.202277583333332,108,1154,3003,pass,../../../target/pir-index-compositions-smoke-v1/021-posting-singlepass-n32-g4-r0/result.json
authenticated,dense,32,16,4,0,contiguous,0,4,False,shuffled,0,value,12,1,12,True,3.1139194166666666,3.233768,2.371459,14.021645249999997,16.342015999999997,1932,10668,32768,pass,../../../target/pir-index-compositions-smoke-v1/022-authenticated-dense-n32-g4-r0/result.json
authenticated,path,32,16,4,0,contiguous,0,4,False,shuffled,0,value,12,1,12,True,3.4700583333333332,3.5217,4.927049,9.580501833333331,14.437696833333332,204926,203910,32768,pass,../../../target/pir-index-compositions-smoke-v1/023-authenticated-path-n32-g4-r0/result.json
authenticated,path,32,16,4,0,contiguous,0,4,False,shuffled,4,value,12,1,12,True,3.402589416666667,3.500168,4.899918,10.398645666666667,15.170280166666666,204932,203910,32768,pass,../../../target/pir-index-compositions-smoke-v1/024-authenticated-path-n32-g4-r0/result.json
authenticated,path,32,16,4,0,contiguous,0,4,False,shuffled,4,delete,12,1,12,True,3.5559621666666668,3.794768,5.331218,10.773420416666665,15.844640916666664,204930,203910,32768,pass,../../../target/pir-index-compositions-smoke-v1/025-authenticated-path-n32-g4-r0/result.json
authenticated,path,32,16,4,0,contiguous,0,4,False,shuffled,4,insert,12,1,12,True,3.7548579166666665,3.986179,5.282643,11.32312125,16.483159,204934,203910,32768,pass,../../../target/pir-index-compositions-smoke-v1/026-authenticated-path-n32-g4-r0/result.json
posting,singlepass,32,32,4,0,contiguous,0,4,False,shuffled,4,value,12,1,12,True,0.19950375,0.238232,0.238865,33.19990491666667,33.39536391666667,108,1826,5115,pass,../../../target/pir-index-compositions-smoke-v1/027-posting-singlepass-n32-g4-r0/result.json
bitmap,path,32,32,16,0,contiguous,0,4,False,clustered,0,value,12,1,12,True,3.42262375,3.719559,7.86319,27.160461,34.227277750000006,36332,35541,7533,pass,../../../target/pir-index-compositions-smoke-v1/028-bitmap-path-n32-g16-r0/result.json
wavelet,path,32,32,16,0,contiguous,0,4,True,clustered,0,value,12,1,12,True,3.9464563333333333,4.0614230000000004,5.483889,9.94663725,15.321827333333331,88268,87020,3648,pass,../../../target/pir-index-compositions-smoke-v1/029-wavelet-path-n32-g16-r0/result.json
radix,dense,256,96,1,0,contiguous,0,4,False,shuffled,0,value,32,3,96,True,2.8903048958333333,3.0592119999999996,1.602937,7.1877615937499995,8.69075425,1602,10890,108968,pass,../../../target/pir-index-compositions-screen-v1/000-radix-dense-n256-g1-r0/result.json;../../../target/pir-index-compositions-screen-v1/000-radix-dense-n256-g1-r1/result.json;../../../target/pir-index-compositions-screen-v1/000-radix-dense-n256-g1-r2/result.json
radix,dense,256,96,2,0,contiguous,0,4,False,shuffled,0,value,32,3,96,True,1.3218950208333333,1.385508,0.8647,5.248289593750001,6.0573017812500005,770,6050,72928,pass,../../../target/pir-index-compositions-screen-v1/001-radix-dense-n256-g2-r0/result.json;../../../target/pir-index-compositions-screen-v1/001-radix-dense-n256-g2-r1/result.json;../../../target/pir-index-compositions-screen-v1/001-radix-dense-n256-g2-r2/result.json
radix,dense,256,96,4,0,contiguous,0,4,False,shuffled,0,value,32,3,96,True,0.7479253645833334,0.828303,0.541248,4.73848271875,5.24506653125,414,3630,58512,pass,../../../target/pir-index-compositions-screen-v1/002-radix-dense-n256-g4-r0/result.json;../../../target/pir-index-compositions-screen-v1/002-radix-dense-n256-g4-r1/result.json;../../../target/pir-index-compositions-screen-v1/002-radix-dense-n256-g4-r2/result.json
radix,dense,256,96,8,0,contiguous,0,4,False,shuffled,0,value,32,3,96,True,0.5358077083333334,0.598453,0.375671,4.49208021875,4.8329916875,276,3732,87100,pass,../../../target/pir-index-compositions-screen-v1/003-radix-dense-n256-g8-r0/result.json;../../../target/pir-index-compositions-screen-v1/003-radix-dense-n256-g8-r1/result.json;../../../target/pir-index-compositions-screen-v1/003-radix-dense-n256-g8-r2/result.json
radix,path,256,96,1,0,contiguous,0,4,False,shuffled,0,value,32,3,96,True,3.08348815625,3.312078,4.366506,6.514638749999999,10.601992374999998,265379,264537,108968,pass,../../../target/pir-index-compositions-screen-v1/004-radix-path-n256-g1-r0/result.json;../../../target/pir-index-compositions-screen-v1/004-radix-path-n256-g1-r1/result.json;../../../target/pir-index-compositions-screen-v1/004-radix-path-n256-g1-r2/result.json
radix,path,256,96,2,0,contiguous,0,4,False,shuffled,0,value,32,3,96,True,1.57749853125,1.68103,2.253476,4.17956828125,6.2687332187500004,132715,132295,72928,pass,../../../target/pir-index-compositions-screen-v1/005-radix-path-n256-g2-r0/result.json;../../../target/pir-index-compositions-screen-v1/005-radix-path-n256-g2-r1/result.json;../../../target/pir-index-compositions-screen-v1/005-radix-path-n256-g2-r2/result.json
radix,path,256,96,4,0,contiguous,0,4,False,shuffled,0,value,32,3,96,True,0.9551692916666666,1.037393,1.348983,3.55249096875,4.81729040625,79629,79377,58512,pass,../../../target/pir-index-compositions-screen-v1/006-radix-path-n256-g4-r0/result.json;../../../target/pir-index-compositions-screen-v1/006-radix-path-n256-g4-r1/result.json;../../../target/pir-index-compositions-screen-v1/006-radix-path-n256-g4-r2/result.json
radix,path,256,96,8,0,contiguous,0,4,False,shuffled,0,value,32,3,96,True,0.77575384375,0.849962,1.085923,3.61474803125,4.63116975,82606,82438,87100,pass,../../../target/pir-index-compositions-screen-v1/007-radix-path-n256-g8-r0/result.json;../../../target/pir-index-compositions-screen-v1/007-radix-path-n256-g8-r1/result.json;../../../target/pir-index-compositions-screen-v1/007-radix-path-n256-g8-r2/result.json
hash,dense,256,96,4,0,contiguous,0,4,False,shuffled,0,value,32,3,96,True,0.83669359375,0.9010070000000001,0.56895,4.84948815625,5.3730660624999995,414,6966,109460,pass,../../../target/pir-index-compositions-screen-v1/008-hash-dense-n256-g4-r0/result.json;../../../target/pir-index-compositions-screen-v1/008-hash-dense-n256-g4-r1/result.json;../../../target/pir-index-compositions-screen-v1/008-hash-dense-n256-g4-r2/result.json
hash,path,256,96,4,0,contiguous,0,4,False,shuffled,0,value,32,3,96,True,1.28361203125,1.393105,1.767753,4.2604584999999995,5.89045696875,154797,154545,109460,pass,../../../target/pir-index-compositions-screen-v1/009-hash-path-n256-g4-r0/result.json;../../../target/pir-index-compositions-screen-v1/009-hash-path-n256-g4-r1/result.json;../../../target/pir-index-compositions-screen-v1/009-hash-path-n256-g4-r2/result.json
hash,singlepass,256,96,4,0,contiguous,0,4,False,shuffled,0,value,32,3,96,True,0.59246075,0.6437999999999999,0.674857,4.87856015625,5.4833065625,353,27462,109460,pass,../../../target/pir-index-compositions-screen-v1/010-hash-singlepass-n256-g4-r0/result.json;../../../target/pir-index-compositions-screen-v1/010-hash-singlepass-n256-g4-r1/result.json;../../../target/pir-index-compositions-screen-v1/010-hash-singlepass-n256-g4-r2/result.json
bitmap,dense,256,96,8,0,contiguous,0,4,False,shuffled,0,value,32,3,96,True,7.682864020833334,7.916283,12.784629,18.19158671875,29.931830374999997,3874,5132,157590,pass,../../../target/pir-index-compositions-screen-v1/011-bitmap-dense-n256-g8-r0/result.json;../../../target/pir-index-compositions-screen-v1/011-bitmap-dense-n256-g8-r1/result.json;../../../target/pir-index-compositions-screen-v1/011-bitmap-dense-n256-g8-r2/result.json
bitmap,dense,256,96,32,0,contiguous,0,4,False,shuffled,0,value,32,3,96,True,7.786656104166667,8.402672,12.850416,17.86337903125,29.4086614375,3970,5156,154500,pass,../../../target/pir-index-compositions-screen-v1/012-bitmap-dense-n256-g32-r0/result.json;../../../target/pir-index-compositions-screen-v1/012-bitmap-dense-n256-g32-r1/result.json;../../../target/pir-index-compositions-screen-v1/012-bitmap-dense-n256-g32-r2/result.json
bitmap,path,256,96,8,0,contiguous,0,4,False,shuffled,0,value,32,3,96,True,5.7287143125,6.040197,14.406844,15.443343562499999,28.538678875,116371,114927,157590,pass,../../../target/pir-index-compositions-screen-v1/013-bitmap-path-n256-g8-r0/result.json;../../../target/pir-index-compositions-screen-v1/013-bitmap-path-n256-g8-r1/result.json;../../../target/pir-index-compositions-screen-v1/013-bitmap-path-n256-g8-r2/result.json
bitmap,path,256,96,32,0,contiguous,0,4,False,shuffled,0,value,32,3,96,True,5.671196302083334,5.891241,14.15589,15.098902625,28.10664665625,116465,114951,154500,pass,../../../target/pir-index-compositions-screen-v1/014-bitmap-path-n256-g32-r0/result.json;../../../target/pir-index-compositions-screen-v1/014-bitmap-path-n256-g32-r1/result.json;../../../target/pir-index-compositions-screen-v1/014-bitmap-path-n256-g32-r2/result.json
wavelet,dense,256,96,8,0,contiguous,0,4,False,shuffled,0,value,32,3,96,True,15.030429291666668,15.419187,5.956862,19.204614906249997,24.85066315625,9576,22536,107326,pass,../../../target/pir-index-compositions-screen-v1/015-wavelet-dense-n256-g8-r0/result.json;../../../target/pir-index-compositions-screen-v1/015-wavelet-dense-n256-g8-r1/result.json;../../../target/pir-index-compositions-screen-v1/015-wavelet-dense-n256-g8-r2/result.json
wavelet,dense,256,96,32,0,contiguous,0,4,False,shuffled,0,value,32,3,96,True,11.64311034375,12.008956,5.902379,15.97238728125,21.6896899375,7272,22536,67774,pass,../../../target/pir-index-compositions-screen-v1/016-wavelet-dense-n256-g32-r0/result.json;../../../target/pir-index-compositions-screen-v1/016-wavelet-dense-n256-g32-r1/result.json;../../../target/pir-index-compositions-screen-v1/016-wavelet-dense-n256-g32-r2/result.json
wavelet,path,256,96,8,0,contiguous,0,4,False,shuffled,0,value,32,3,96,True,9.311111833333333,9.618948,13.989671,12.80900778125,26.4568315,590970,587196,107326,pass,../../../target/pir-index-compositions-screen-v1/017-wavelet-path-n256-g8-r0/result.json;../../../target/pir-index-compositions-screen-v1/017-wavelet-path-n256-g8-r1/result.json;../../../target/pir-index-compositions-screen-v1/017-wavelet-path-n256-g8-r2/result.json
wavelet,path,256,96,32,0,contiguous,0,4,False,shuffled,0,value,32,3,96,True,8.91701078125,9.309832,13.210397,11.821904562499999,24.617779,537336,533988,67774,pass,../../../target/pir-index-compositions-screen-v1/018-wavelet-path-n256-g32-r0/result.json;../../../target/pir-index-compositions-screen-v1/018-wavelet-path-n256-g32-r1/result.json;../../../target/pir-index-compositions-screen-v1/018-wavelet-path-n256-g32-r2/result.json
posting,dense,256,96,4,0,contiguous,0,4,False,shuffled,0,value,32,3,96,True,0.3234855729166667,0.377723,0.197468,4.382737187499999,4.554832343749999,178,1186,106655,pass,../../../target/pir-index-compositions-screen-v1/019-posting-dense-n256-g4-r0/result.json;../../../target/pir-index-compositions-screen-v1/019-posting-dense-n256-g4-r1/result.json;../../../target/pir-index-compositions-screen-v1/019-posting-dense-n256-g4-r2/result.json
posting,path,256,96,4,0,contiguous,0,4,False,shuffled,0,value,32,3,96,True,0.32906839583333336,0.351676,0.501154,3.42087621875,3.87193640625,28887,28793,106655,pass,../../../target/pir-index-compositions-screen-v1/020-posting-path-n256-g4-r0/result.json;../../../target/pir-index-compositions-screen-v1/020-posting-path-n256-g4-r1/result.json;../../../target/pir-index-compositions-screen-v1/020-posting-path-n256-g4-r2/result.json
posting,singlepass,256,96,4,0,contiguous,0,4,False,shuffled,0,value,32,3,96,True,0.18638210416666667,0.210833,0.21515,4.270345875,4.46302946875,118,4610,106655,pass,../../../target/pir-index-compositions-screen-v1/021-posting-singlepass-n256-g4-r0/result.json;../../../target/pir-index-compositions-screen-v1/021-posting-singlepass-n256-g4-r1/result.json;../../../target/pir-index-compositions-screen-v1/021-posting-singlepass-n256-g4-r2/result.json
authenticated,dense,256,96,4,0,contiguous,0,4,False,shuffled,0,value,32,3,96,True,15.038020354166667,15.636953,3.771272,19.433814562499997,22.766730374999998,8680,15880,276480,pass,../../../target/pir-index-compositions-screen-v1/022-authenticated-dense-n256-g4-r0/result.json;../../../target/pir-index-compositions-screen-v1/022-authenticated-dense-n256-g4-r1/result.json;../../../target/pir-index-compositions-screen-v1/022-authenticated-dense-n256-g4-r2/result.json
authenticated,path,256,96,4,0,contiguous,0,4,False,shuffled,0,value,32,3,96,True,5.8174514791666665,6.02044,8.946353,9.8197555625,18.360901437499997,422488,420380,276480,pass,../../../target/pir-index-compositions-screen-v1/023-authenticated-path-n256-g4-r0/result.json;../../../target/pir-index-compositions-screen-v1/023-authenticated-path-n256-g4-r1/result.json;../../../target/pir-index-compositions-screen-v1/023-authenticated-path-n256-g4-r2/result.json
authenticated,path,256,96,4,0,contiguous,0,4,False,shuffled,4,value,12,3,36,True,5.840472,6.04051,8.963532,17.615297916666666,26.15210925,422478,420380,276480,pass,../../../target/pir-index-compositions-screen-v1/024-authenticated-path-n256-g4-r0/result.json;../../../target/pir-index-compositions-screen-v1/024-authenticated-path-n256-g4-r1/result.json;../../../target/pir-index-compositions-screen-v1/024-authenticated-path-n256-g4-r2/result.json
authenticated,path,256,96,4,0,contiguous,0,4,False,shuffled,4,delete,12,3,36,True,5.7580295277777775,6.006241,8.964487,17.258409416666666,25.79810675,422480,420380,276480,pass,../../../target/pir-index-compositions-screen-v1/025-authenticated-path-n256-g4-r0/result.json;../../../target/pir-index-compositions-screen-v1/025-authenticated-path-n256-g4-r1/result.json;../../../target/pir-index-compositions-screen-v1/025-authenticated-path-n256-g4-r2/result.json
authenticated,path,256,96,4,0,contiguous,0,4,False,shuffled,4,insert,12,3,36,True,5.788545833333333,6.016567,8.834053,17.38243975,25.979424166666664,422486,420380,276480,pass,../../../target/pir-index-compositions-screen-v1/026-authenticated-path-n256-g4-r0/result.json;../../../target/pir-index-compositions-screen-v1/026-authenticated-path-n256-g4-r1/result.json;../../../target/pir-index-compositions-screen-v1/026-authenticated-path-n256-g4-r2/result.json
posting,singlepass,256,32,4,0,contiguous,0,4,False,shuffled,4,value,12,3,36,True,0.1789907222222222,0.209219,0.196355,31.45567583333333,31.635073083333328,118,1858,40863,pass,../../../target/pir-index-compositions-screen-v1/027-posting-singlepass-n256-g4-r0/result.json;../../../target/pir-index-compositions-screen-v1/027-posting-singlepass-n256-g4-r1/result.json;../../../target/pir-index-compositions-screen-v1/027-posting-singlepass-n256-g4-r2/result.json
bitmap,path,256,32,16,0,contiguous,0,4,False,clustered,0,value,12,3,36,True,3.376561166666667,3.682287,8.132133,27.356662,34.745533583333334,65964,64977,83330,pass,../../../target/pir-index-compositions-screen-v1/028-bitmap-path-n256-g16-r0/result.json;../../../target/pir-index-compositions-screen-v1/028-bitmap-path-n256-g16-r1/result.json;../../../target/pir-index-compositions-screen-v1/028-bitmap-path-n256-g16-r2/result.json
wavelet,path,256,32,16,0,contiguous,0,4,True,clustered,0,value,12,3,36,True,6.590533333333333,6.762577,10.137662,13.292419166666663,23.114119416666664,204986,202016,30654,pass,../../../target/pir-index-compositions-screen-v1/029-wavelet-path-n256-g16-r0/result.json;../../../target/pir-index-compositions-screen-v1/029-wavelet-path-n256-g16-r1/result.json;../../../target/pir-index-compositions-screen-v1/029-wavelet-path-n256-g16-r2/result.json
radix,dense,1024,96,1,0,contiguous,0,4,False,shuffled,0,value,32,1,32,True,9.2302375,9.615723,2.059785,13.7695565625,15.6510695625,4774,13310,435625,pass,../../../target/pir-index-compositions-screen-v1/030-radix-dense-n1024-g1-r0/result.json
radix,dense,1024,96,1,0,contiguous,0,4,False,shuffled,0,value,32,2,64,True,9.724066859375,10.177513999999999,2.313644,15.145139734374997,17.190900593749998,4774,13310,435625,pass,../../../target/pir-index-compositions-screen-v1/030-radix-dense-n1024-g1-r1/result.json;../../../target/pir-index-compositions-screen-v1/030-radix-dense-n1024-g1-r2/result.json
radix,dense,1024,96,2,0,contiguous,0,4,False,shuffled,0,value,32,3,96,True,3.7303652291666665,3.970974,1.189282,8.5149476875,9.5850286875,1932,7260,290700,pass,../../../target/pir-index-compositions-screen-v1/031-radix-dense-n1024-g2-r0/result.json;../../../target/pir-index-compositions-screen-v1/031-radix-dense-n1024-g2-r1/result.json;../../../target/pir-index-compositions-screen-v1/031-radix-dense-n1024-g2-r2/result.json
radix,dense,1024,96,4,0,contiguous,0,4,False,shuffled,0,value,32,3,96,True,2.0472951458333335,2.142581,0.745679,6.32069353125,6.99127209375,1096,4840,232900,pass,../../../target/pir-index-compositions-screen-v1/032-radix-dense-n1024-g4-r0/result.json;../../../target/pir-index-compositions-screen-v1/032-radix-dense-n1024-g4-r1/result.json;../../../target/pir-index-compositions-screen-v1/032-radix-dense-n1024-g4-r2/result.json
radix,dense,1024,96,8,0,contiguous,0,4,False,shuffled,0,value,32,3,96,True,2.3049843958333334,2.418283,0.635232,6.86244796875,7.40722759375,798,8502,533544,pass,../../../target/pir-index-compositions-screen-v1/033-radix-dense-n1024-g8-r0/result.json;../../../target/pir-index-compositions-screen-v1/033-radix-dense-n1024-g8-r1/result.json;../../../target/pir-index-compositions-screen-v1/033-radix-dense-n1024-g8-r2/result.json
radix,path,1024,96,1,0,contiguous,0,4,False,shuffled,0,value,32,3,96,True,3.8393389791666666,3.95582,5.595634,10.363717625,15.81510596875,389691,388399,435625,pass,../../../target/pir-index-compositions-screen-v1/034-radix-path-n1024-g1-r0/result.json;../../../target/pir-index-compositions-screen-v1/034-radix-path-n1024-g1-r1/result.json;../../../target/pir-index-compositions-screen-v1/034-radix-path-n1024-g1-r2/result.json
radix,path,1024,96,2,0,contiguous,0,4,False,shuffled,0,value,32,3,96,True,2.01388865625,2.165523,3.000187,6.33721365625,9.1326284375,194864,194226,290700,pass,../../../target/pir-index-compositions-screen-v1/035-radix-path-n1024-g2-r0/result.json;../../../target/pir-index-compositions-screen-v1/035-radix-path-n1024-g2-r1/result.json;../../../target/pir-index-compositions-screen-v1/035-radix-path-n1024-g2-r2/result.json
radix,path,1024,96,4,0,contiguous,0,4,False,shuffled,0,value,32,3,96,True,1.3540669166666666,1.469046,2.01911,5.639547499999999,7.462360781249999,129912,129484,232900,pass,../../../target/pir-index-compositions-screen-v1/036-radix-path-n1024-g4-r0/result.json;../../../target/pir-index-compositions-screen-v1/036-radix-path-n1024-g4-r1/result.json;../../../target/pir-index-compositions-screen-v1/036-radix-path-n1024-g4-r2/result.json
radix,path,1024,96,8,0,contiguous,0,4,False,shuffled,0,value,32,3,96,True,1.75529375,1.8629689999999999,2.309634,8.62153215625,10.80814165625,231415,231093,533544,pass,../../../target/pir-index-compositions-screen-v1/037-radix-path-n1024-g8-r0/result.json;../../../target/pir-index-compositions-screen-v1/037-radix-path-n1024-g8-r1/result.json;../../../target/pir-index-compositions-screen-v1/037-radix-path-n1024-g8-r2/result.json
hash,dense,1024,96,4,0,contiguous,0,4,False,shuffled,0,value,32,3,96,True,2.4364947604166667,2.578764,0.626657,7.02955428125,7.5665689375000005,798,10374,651238,pass,../../../target/pir-index-compositions-screen-v1/038-hash-dense-n1024-g4-r0/result.json;../../../target/pir-index-compositions-screen-v1/038-hash-dense-n1024-g4-r1/result.json;../../../target/pir-index-compositions-screen-v1/038-hash-dense-n1024-g4-r2/result.json
hash,path,1024,96,4,0,contiguous,0,4,False,shuffled,0,value,32,3,96,True,2.1104507708333333,2.23729,2.798583,10.046434968749999,12.653549406249999,282761,282441,651238,pass,../../../target/pir-index-compositions-screen-v1/039-hash-path-n1024-g4-r0/result.json;../../../target/pir-index-compositions-screen-v1/039-hash-path-n1024-g4-r1/result.json;../../../target/pir-index-compositions-screen-v1/039-hash-path-n1024-g4-r2/result.json
hash,singlepass,1024,96,4,0,contiguous,0,4,False,shuffled,0,value,32,3,96,True,0.6523154270833333,0.782497,0.780674,5.7013641562499995,6.425497624999999,369,41094,651238,pass,../../../target/pir-index-compositions-screen-v1/040-hash-singlepass-n1024-g4-r0/result.json;../../../target/pir-index-compositions-screen-v1/040-hash-singlepass-n1024-g4-r1/result.json;../../../target/pir-index-compositions-screen-v1/040-hash-singlepass-n1024-g4-r2/result.json
bitmap,dense,1024,96,8,0,contiguous,0,4,False,shuffled,0,value,32,3,96,True,19.295770072916667,20.760418,13.816497,30.8674475,42.786480812499995,9250,5132,635697,pass,../../../target/pir-index-compositions-screen-v1/041-bitmap-dense-n1024-g8-r0/result.json;../../../target/pir-index-compositions-screen-v1/041-bitmap-dense-n1024-g8-r1/result.json;../../../target/pir-index-compositions-screen-v1/041-bitmap-dense-n1024-g8-r2/result.json
bitmap,dense,1024,96,32,0,contiguous,0,4,False,shuffled,0,value,32,3,96,True,18.75109820833333,19.317222,13.143822,30.3567875625,42.4340298125,9346,5156,633213,pass,../../../target/pir-index-compositions-screen-v1/042-bitmap-dense-n1024-g32-r0/result.json;../../../target/pir-index-compositions-screen-v1/042-bitmap-dense-n1024-g32-r1/result.json;../../../target/pir-index-compositions-screen-v1/042-bitmap-dense-n1024-g32-r2/result.json
bitmap,path,1024,96,8,0,contiguous,0,4,False,shuffled,0,value,32,3,96,True,5.984259875,6.655981000000001,14.763515,20.0354060625,33.562924875,137955,136347,635697,pass,../../../target/pir-index-compositions-screen-v1/043-bitmap-path-n1024-g8-r0/result.json;../../../target/pir-index-compositions-screen-v1/043-bitmap-path-n1024-g8-r1/result.json;../../../target/pir-index-compositions-screen-v1/043-bitmap-path-n1024-g8-r2/result.json
bitmap,path,1024,96,32,0,contiguous,0,4,False,shuffled,0,value,32,3,96,True,6.313937489583333,7.2495259999999995,15.37481,20.555729499999998,34.35244046875,138055,136371,633213,pass,../../../target/pir-index-compositions-screen-v1/044-bitmap-path-n1024-g32-r0/result.json;../../../target/pir-index-compositions-screen-v1/044-bitmap-path-n1024-g32-r1/result.json;../../../target/pir-index-compositions-screen-v1/044-bitmap-path-n1024-g32-r2/result.json
wavelet,dense,1024,96,8,0,contiguous,0,4,False,shuffled,0,value,32,3,96,True,67.28156357291667,68.12178399999999,7.657143,72.33150115625,79.71512621875,38104,27544,479205,pass,../../../target/pir-index-compositions-screen-v1/045-wavelet-dense-n1024-g8-r0/result.json;../../../target/pir-index-compositions-screen-v1/045-wavelet-dense-n1024-g8-r1/result.json;../../../target/pir-index-compositions-screen-v1/045-wavelet-dense-n1024-g8-r2/result.json
wavelet,dense,1024,96,32,0,contiguous,0,4,False,shuffled,0,value,32,3,96,True,39.471981802083334,40.25547,7.359201,44.15760703125,51.211566625,24024,27544,280485,pass,../../../target/pir-index-compositions-screen-v1/046-wavelet-dense-n1024-g32-r0/result.json;../../../target/pir-index-compositions-screen-v1/046-wavelet-dense-n1024-g32-r1/result.json;../../../target/pir-index-compositions-screen-v1/046-wavelet-dense-n1024-g32-r2/result.json
wavelet,path,1024,96,8,0,contiguous,0,4,False,shuffled,0,value,32,3,96,True,12.548912447916667,12.987517,19.649303,20.126458000000003,39.2850931875,857994,852324,479205,pass,../../../target/pir-index-compositions-screen-v1/047-wavelet-path-n1024-g8-r0/result.json;../../../target/pir-index-compositions-screen-v1/047-wavelet-path-n1024-g8-r1/result.json;../../../target/pir-index-compositions-screen-v1/047-wavelet-path-n1024-g8-r2/result.json
wavelet,path,1024,96,32,0,contiguous,0,4,False,shuffled,0,value,32,3,96,True,12.01388825,13.10333,18.706708,17.04239471875,35.13845015625,792082,786940,280485,pass,../../../target/pir-index-compositions-screen-v1/048-wavelet-path-n1024-g32-r0/result.json;../../../target/pir-index-compositions-screen-v1/048-wavelet-path-n1024-g32-r1/result.json;../../../target/pir-index-compositions-screen-v1/048-wavelet-path-n1024-g32-r2/result.json
posting,dense,1024,96,4,0,contiguous,0,4,False,shuffled,0,value,32,3,96,True,0.841236125,0.949468,0.224907,5.30554121875,5.4836653125,434,1186,426400,pass,../../../target/pir-index-compositions-screen-v1/049-posting-dense-n1024-g4-r0/result.json;../../../target/pir-index-compositions-screen-v1/049-posting-dense-n1024-g4-r1/result.json;../../../target/pir-index-compositions-screen-v1/049-posting-dense-n1024-g4-r2/result.json
posting,path,1024,96,4,0,contiguous,0,4,False,shuffled,0,value,32,3,96,True,0.3509717708333333,0.384456,0.571934,6.64037803125,7.1391526875,34709,34589,426400,pass,../../../target/pir-index-compositions-screen-v1/050-posting-path-n1024-g4-r0/result.json;../../../target/pir-index-compositions-screen-v1/050-posting-path-n1024-g4-r1/result.json;../../../target/pir-index-compositions-screen-v1/050-posting-path-n1024-g4-r2/result.json
posting,singlepass,1024,96,4,0,contiguous,0,4,False,shuffled,0,value,32,3,96,True,0.19025232291666666,0.219169,0.217706,4.885818468749999,5.078028312499999,127,4610,426400,pass,../../../target/pir-index-compositions-screen-v1/051-posting-singlepass-n1024-g4-r0/result.json;../../../target/pir-index-compositions-screen-v1/051-posting-singlepass-n1024-g4-r1/result.json;../../../target/pir-index-compositions-screen-v1/051-posting-singlepass-n1024-g4-r2/result.json
authenticated,dense,1024,96,4,0,contiguous,0,4,False,shuffled,0,value,32,3,96,True,81.00909063541667,82.79675900000001,4.706216,87.61797421874999,92.1567450625,34992,19248,1110016,pass,../../../target/pir-index-compositions-screen-v1/052-authenticated-dense-n1024-g4-r0/result.json;../../../target/pir-index-compositions-screen-v1/052-authenticated-dense-n1024-g4-r1/result.json;../../../target/pir-index-compositions-screen-v1/052-authenticated-dense-n1024-g4-r2/result.json
authenticated,path,1024,96,4,0,contiguous,0,4,False,shuffled,0,value,32,3,96,True,7.442073854166667,7.774094,11.890478,17.019581062500002,28.490649656250003,601534,598440,1110016,pass,../../../target/pir-index-compositions-screen-v1/053-authenticated-path-n1024-g4-r0/result.json;../../../target/pir-index-compositions-screen-v1/053-authenticated-path-n1024-g4-r1/result.json;../../../target/pir-index-compositions-screen-v1/053-authenticated-path-n1024-g4-r2/result.json
authenticated,path,1024,96,4,0,contiguous,0,4,False,shuffled,4,value,12,3,36,True,7.956671888888889,8.466989,12.594712,36.382887833333335,48.293906,601536,598440,1110016,pass,../../../target/pir-index-compositions-screen-v1/054-authenticated-path-n1024-g4-r0/result.json;../../../target/pir-index-compositions-screen-v1/054-authenticated-path-n1024-g4-r1/result.json;../../../target/pir-index-compositions-screen-v1/054-authenticated-path-n1024-g4-r2/result.json
authenticated,path,1024,96,4,0,contiguous,0,4,False,shuffled,4,delete,12,3,36,True,8.221706916666667,8.645061,12.849873,36.80900391666666,48.8132795,601532,598440,1110016,pass,../../../target/pir-index-compositions-screen-v1/055-authenticated-path-n1024-g4-r0/result.json;../../../target/pir-index-compositions-screen-v1/055-authenticated-path-n1024-g4-r1/result.json;../../../target/pir-index-compositions-screen-v1/055-authenticated-path-n1024-g4-r2/result.json
authenticated,path,1024,96,4,0,contiguous,0,4,False,shuffled,4,insert,12,3,36,True,8.353526888888888,10.404829,14.885132,39.23818991666667,51.24733583333333,601546,598440,1110016,pass,../../../target/pir-index-compositions-screen-v1/056-authenticated-path-n1024-g4-r0/result.json;../../../target/pir-index-compositions-screen-v1/056-authenticated-path-n1024-g4-r1/result.json;../../../target/pir-index-compositions-screen-v1/056-authenticated-path-n1024-g4-r2/result.json
posting,singlepass,1024,32,4,0,contiguous,0,4,False,shuffled,4,value,12,3,36,True,0.20679769444444446,0.29065,0.239786,36.90214233333333,37.11239466666667,128,1890,164000,pass,../../../target/pir-index-compositions-screen-v1/057-posting-singlepass-n1024-g4-r0/result.json;../../../target/pir-index-compositions-screen-v1/057-posting-singlepass-n1024-g4-r1/result.json;../../../target/pir-index-compositions-screen-v1/057-posting-singlepass-n1024-g4-r2/result.json
bitmap,path,1024,32,16,0,contiguous,0,4,False,clustered,0,value,12,3,36,True,3.854138888888889,4.104167,8.863687,41.13539558333333,49.27128591666666,90588,89457,396955,pass,../../../target/pir-index-compositions-screen-v1/058-bitmap-path-n1024-g16-r0/result.json;../../../target/pir-index-compositions-screen-v1/058-bitmap-path-n1024-g16-r1/result.json;../../../target/pir-index-compositions-screen-v1/058-bitmap-path-n1024-g16-r2/result.json
wavelet,path,1024,32,16,0,contiguous,0,4,True,clustered,0,value,12,3,36,True,9.331642194444445,10.065598,15.320874,20.0056045,34.24761766666666,311112,306440,132325,pass,../../../target/pir-index-compositions-screen-v1/059-wavelet-path-n1024-g16-r0/result.json;../../../target/pir-index-compositions-screen-v1/059-wavelet-path-n1024-g16-r1/result.json;../../../target/pir-index-compositions-screen-v1/059-wavelet-path-n1024-g16-r2/result.json
radix,dense,4096,96,1,0,contiguous,0,4,False,shuffled,0,value,32,3,96,True,49.341777739583335,51.636922999999996,2.977254,56.37184906249999,58.99859987499999,18954,15834,1753516,pass,../../../target/pir-index-compositions-screen-v1/060-radix-dense-n4096-g1-r0/result.json;../../../target/pir-index-compositions-screen-v1/060-radix-dense-n4096-g1-r1/result.json;../../../target/pir-index-compositions-screen-v1/060-radix-dense-n4096-g1-r2/result.json
radix,dense,4096,96,2,0,contiguous,0,4,False,shuffled,0,value,32,3,96,True,16.484991197916667,17.332980999999997,1.514441,22.967088999999998,24.356106093749997,7014,8526,1169296,pass,../../../target/pir-index-compositions-screen-v1/061-radix-dense-n4096-g2-r0/result.json;../../../target/pir-index-compositions-screen-v1/061-radix-dense-n4096-g2-r1/result.json;../../../target/pir-index-compositions-screen-v1/061-radix-dense-n4096-g2-r2/result.json
radix,dense,4096,96,4,0,contiguous,0,4,False,shuffled,0,value,32,3,96,True,7.341688072916667,7.905710000000001,0.909324,13.048822500000002,13.800424562500002,3304,4872,935608,pass,../../../target/pir-index-compositions-screen-v1/062-radix-dense-n4096-g4-r0/result.json;../../../target/pir-index-compositions-screen-v1/062-radix-dense-n4096-g4-r1/result.json;../../../target/pir-index-compositions-screen-v1/062-radix-dense-n4096-g4-r2/result.json
radix,dense,4096,96,8,0,contiguous,0,4,False,shuffled,0,value,32,3,96,True,9.326051739583333,9.732809,0.726201,16.52169546875,17.172005,2334,10542,2654820,pass,../../../target/pir-index-compositions-screen-v1/063-radix-dense-n4096-g8-r0/result.json;../../../target/pir-index-compositions-screen-v1/063-radix-dense-n4096-g8-r1/result.json;../../../target/pir-index-compositions-screen-v1/063-radix-dense-n4096-g8-r2/result.json
radix,path,4096,96,1,0,contiguous,0,4,False,shuffled,0,value,32,3,96,True,5.51703671875,6.045651,8.343317,28.594687093749997,36.327735374999996,540905,539045,1753516,controller-transient-rss,../../../target/pir-index-compositions-screen-v1/064-radix-path-n4096-g1-r0/result.json;../../../target/pir-index-compositions-screen-v1/064-radix-path-n4096-g1-r1/result.json;../../../target/pir-index-compositions-screen-v1/064-radix-path-n4096-g1-r2/result.json
radix,path,4096,96,2,0,contiguous,0,4,False,shuffled,0,value,32,3,96,True,2.88378765625,3.16411,4.304977,14.917102843749998,18.915156906249997,270457,269549,1169296,pass,../../../target/pir-index-compositions-screen-v1/065-radix-path-n4096-g2-r0/result.json;../../../target/pir-index-compositions-screen-v1/065-radix-path-n4096-g2-r1/result.json;../../../target/pir-index-compositions-screen-v1/065-radix-path-n4096-g2-r2/result.json
radix,path,4096,96,4,0,contiguous,0,4,False,shuffled,0,value,32,3,96,True,1.6196857708333334,1.744881,2.413908,13.585242874999999,15.827175937499998,154548,154028,935608,pass,../../../target/pir-index-compositions-screen-v1/066-radix-path-n4096-g4-r0/result.json;../../../target/pir-index-compositions-screen-v1/066-radix-path-n4096-g4-r1/result.json;../../../target/pir-index-compositions-screen-v1/066-radix-path-n4096-g4-r2/result.json
radix,path,4096,96,8,0,contiguous,0,4,False,shuffled,0,value,32,3,96,True,2.5788896041666667,2.766772,3.404411,31.3527615625,34.53581540625,340085,339693,2654820,controller-transient-rss,../../../target/pir-index-compositions-screen-v1/067-radix-path-n4096-g8-r0/result.json;../../../target/pir-index-compositions-screen-v1/067-radix-path-n4096-g8-r1/result.json;../../../target/pir-index-compositions-screen-v1/067-radix-path-n4096-g8-r2/result.json
hash,dense,4096,96,4,0,contiguous,0,4,False,shuffled,0,value,32,3,96,True,9.370439197916667,10.053835,0.767429,16.6225905625,17.3121974375,2334,10470,2626050,pass,../../../target/pir-index-compositions-screen-v1/068-hash-dense-n4096-g4-r0/result.json;../../../target/pir-index-compositions-screen-v1/068-hash-dense-n4096-g4-r1/result.json;../../../target/pir-index-compositions-screen-v1/068-hash-dense-n4096-g4-r2/result.json
hash,path,4096,96,4,0,contiguous,0,4,False,shuffled,0,value,32,3,96,True,2.518446395833333,2.731888,3.374766,30.270958625,33.43419396875,337745,337353,2626050,controller-transient-rss,../../../target/pir-index-compositions-screen-v1/069-hash-path-n4096-g4-r0/result.json;../../../target/pir-index-compositions-screen-v1/069-hash-path-n4096-g4-r1/result.json;../../../target/pir-index-compositions-screen-v1/069-hash-path-n4096-g4-r2/result.json
hash,singlepass,4096,96,4,0,contiguous,0,4,False,shuffled,0,value,32,3,96,True,0.6452776458333334,0.6686559999999999,0.793488,8.775481718750001,9.454312250000001,383,41478,2626050,pass,../../../target/pir-index-compositions-screen-v1/070-hash-singlepass-n4096-g4-r0/result.json;../../../target/pir-index-compositions-screen-v1/070-hash-singlepass-n4096-g4-r1/result.json;../../../target/pir-index-compositions-screen-v1/070-hash-singlepass-n4096-g4-r2/result.json
bitmap,dense,4096,96,8,0,contiguous,0,4,False,shuffled,0,value,32,3,96,True,116.16267111458333,121.96025900000001,15.1578,135.01325868749998,148.17751790625,30754,5188,2555488,pass,../../../target/pir-index-compositions-screen-v1/071-bitmap-dense-n4096-g8-r0/result.json;../../../target/pir-index-compositions-screen-v1/071-bitmap-dense-n4096-g8-r1/result.json;../../../target/pir-index-compositions-screen-v1/071-bitmap-dense-n4096-g8-r2/result.json
bitmap,dense,4096,96,32,0,contiguous,0,4,False,shuffled,0,value,32,3,96,True,116.24372591666666,122.407323,15.231915,134.74309121875,148.16872203125,30850,5212,2553200,pass,../../../target/pir-index-compositions-screen-v1/072-bitmap-dense-n4096-g32-r0/result.json;../../../target/pir-index-compositions-screen-v1/072-bitmap-dense-n4096-g32-r1/result.json;../../../target/pir-index-compositions-screen-v1/072-bitmap-dense-n4096-g32-r2/result.json
bitmap,path,4096,96,8,0,contiguous,0,4,False,shuffled,0,value,32,3,96,True,6.439607760416667,6.927163,15.679124,43.90270053125,58.417905937499995,159799,157991,2555488,controller-transient-rss,../../../target/pir-index-compositions-screen-v1/073-bitmap-path-n4096-g8-r0/result.json;../../../target/pir-index-compositions-screen-v1/073-bitmap-path-n4096-g8-r1/result.json;../../../target/pir-index-compositions-screen-v1/073-bitmap-path-n4096-g8-r2/result.json
bitmap,path,4096,96,32,0,contiguous,0,4,False,shuffled,0,value,32,3,96,True,6.455315625,7.407709,15.804601,43.109485718749994,57.92619793749999,159897,158015,2553200,controller-transient-rss,../../../target/pir-index-compositions-screen-v1/074-bitmap-path-n4096-g32-r0/result.json;../../../target/pir-index-compositions-screen-v1/074-bitmap-path-n4096-g32-r1/result.json;../../../target/pir-index-compositions-screen-v1/074-bitmap-path-n4096-g32-r2/result.json
wavelet,dense,4096,96,8,0,contiguous,0,4,False,shuffled,0,value,32,3,96,True,609.63524571875,636.635743,12.397462,618.3721855937499,630.092462,182728,32968,2132624,pass,../../../target/pir-index-compositions-screen-v1/075-wavelet-dense-n4096-g8-r0/result.json;../../../target/pir-index-compositions-screen-v1/075-wavelet-dense-n4096-g8-r1/result.json;../../../target/pir-index-compositions-screen-v1/075-wavelet-dense-n4096-g8-r2/result.json
wavelet,dense,4096,96,32,0,contiguous,0,4,False,shuffled,0,value,32,3,96,True,245.37016139583335,259.399937,12.77628,251.3493673125,262.194663125,102856,32968,1174160,pass,../../../target/pir-index-compositions-screen-v1/076-wavelet-dense-n4096-g32-r0/result.json;../../../target/pir-index-compositions-screen-v1/076-wavelet-dense-n4096-g32-r1/result.json;../../../target/pir-index-compositions-screen-v1/076-wavelet-dense-n4096-g32-r2/result.json
wavelet,path,4096,96,8,0,contiguous,0,4,False,shuffled,0,value,32,3,96,True,17.606629802083333,20.029381,30.807662,47.56367859375,74.77209478124999,1176222,1168076,2132624,controller-transient-rss;online-client-wire,../../../target/pir-index-compositions-screen-v1/077-wavelet-path-n4096-g8-r0/result.json;../../../target/pir-index-compositions-screen-v1/077-wavelet-path-n4096-g8-r1/result.json;../../../target/pir-index-compositions-screen-v1/077-wavelet-path-n4096-g8-r2/result.json
wavelet,path,4096,96,32,0,contiguous,0,4,False,shuffled,0,value,32,3,96,True,16.430024135416666,17.542787,26.469132,31.84121071875,57.17692215625,1097802,1090388,1174160,online-client-wire,../../../target/pir-index-compositions-screen-v1/078-wavelet-path-n4096-g32-r0/result.json;../../../target/pir-index-compositions-screen-v1/078-wavelet-path-n4096-g32-r1/result.json;../../../target/pir-index-compositions-screen-v1/078-wavelet-path-n4096-g32-r2/result.json
posting,dense,4096,96,4,0,contiguous,0,4,False,shuffled,0,value,32,3,96,True,3.7546910833333333,4.019966,0.253762,10.39333059375,10.6123444375,1458,1194,1716643,pass,../../../target/pir-index-compositions-screen-v1/079-posting-dense-n4096-g4-r0/result.json;../../../target/pir-index-compositions-screen-v1/079-posting-dense-n4096-g4-r1/result.json;../../../target/pir-index-compositions-screen-v1/079-posting-dense-n4096-g4-r2/result.json
posting,path,4096,96,4,0,contiguous,0,4,False,shuffled,0,value,32,3,96,True,0.4103552395833333,0.494371,0.649721,22.1380559375,22.70723134375,40771,40625,1716643,controller-transient-rss,../../../target/pir-index-compositions-screen-v1/080-posting-path-n4096-g4-r0/result.json;../../../target/pir-index-compositions-screen-v1/080-posting-path-n4096-g4-r1/result.json;../../../target/pir-index-compositions-screen-v1/080-posting-path-n4096-g4-r2/result.json
posting,singlepass,4096,96,4,0,contiguous,0,4,False,shuffled,0,value,32,3,96,True,0.2180778125,0.249455,0.287866,7.85800134375,8.1038104375,132,4642,1716643,pass,../../../target/pir-index-compositions-screen-v1/081-posting-singlepass-n4096-g4-r0/result.json;../../../target/pir-index-compositions-screen-v1/081-posting-singlepass-n4096-g4-r1/result.json;../../../target/pir-index-compositions-screen-v1/081-posting-singlepass-n4096-g4-r2/result.json
authenticated,dense,4096,96,4,0,contiguous,0,4,False,shuffled,0,value,32,3,96,True,698.4792008020834,720.739068,9.9537,714.0672958437499,721.6381185937499,155512,22456,4456448,pass,../../../target/pir-index-compositions-screen-v1/082-authenticated-dense-n4096-g4-r0/result.json;../../../target/pir-index-compositions-screen-v1/082-authenticated-dense-n4096-g4-r1/result.json;../../../target/pir-index-compositions-screen-v1/082-authenticated-dense-n4096-g4-r2/result.json
authenticated,path,4096,96,4,0,contiguous,0,4,False,shuffled,0,value,32,3,96,True,9.876092302083334,10.875095,16.324651,44.63862609374999,59.86193068749999,811438,807044,4456448,controller-transient-rss,../../../target/pir-index-compositions-screen-v1/083-authenticated-path-n4096-g4-r0/result.json;../../../target/pir-index-compositions-screen-v1/083-authenticated-path-n4096-g4-r1/result.json;../../../target/pir-index-compositions-screen-v1/083-authenticated-path-n4096-g4-r2/result.json
authenticated,path,4096,96,4,0,contiguous,0,4,False,shuffled,4,value,12,3,36,True,9.70008225,10.423757,16.064232,106.10215283333336,120.91039166666668,811436,807044,4456448,controller-transient-rss,../../../target/pir-index-compositions-screen-v1/084-authenticated-path-n4096-g4-r0/result.json;../../../target/pir-index-compositions-screen-v1/084-authenticated-path-n4096-g4-r1/result.json;../../../target/pir-index-compositions-screen-v1/084-authenticated-path-n4096-g4-r2/result.json
authenticated,path,4096,96,4,0,contiguous,0,4,False,shuffled,4,delete,12,3,36,True,9.738687083333334,10.799708,16.24378,110.61930925,125.97053958333333,811434,807044,4456448,controller-transient-rss,../../../target/pir-index-compositions-screen-v1/085-authenticated-path-n4096-g4-r0/result.json;../../../target/pir-index-compositions-screen-v1/085-authenticated-path-n4096-g4-r1/result.json;../../../target/pir-index-compositions-screen-v1/085-authenticated-path-n4096-g4-r2/result.json
authenticated,path,4096,96,4,0,contiguous,0,4,False,shuffled,4,insert,12,3,36,True,9.367089583333334,9.927765,15.71265,145.70039925,160.6761730833333,811442,807044,4456448,controller-transient-rss,../../../target/pir-index-compositions-screen-v1/086-authenticated-path-n4096-g4-r0/result.json;../../../target/pir-index-compositions-screen-v1/086-authenticated-path-n4096-g4-r1/result.json;../../../target/pir-index-compositions-screen-v1/086-authenticated-path-n4096-g4-r2/result.json
posting,singlepass,4096,32,4,0,contiguous,0,4,False,shuffled,4,value,12,3,36,True,0.26697777777777776,0.577566,0.280592,48.861993500000004,49.056431583333335,131,1922,667811,pass,../../../target/pir-index-compositions-screen-v1/087-posting-singlepass-n4096-g4-r0/result.json;../../../target/pir-index-compositions-screen-v1/087-posting-singlepass-n4096-g4-r1/result.json;../../../target/pir-index-compositions-screen-v1/087-posting-singlepass-n4096-g4-r2/result.json
bitmap,path,4096,32,16,0,contiguous,0,4,False,clustered,0,value,12,3,36,True,4.100351888888889,4.683606,11.039345,89.12082558333333,97.64000658333333,118816,117513,1833139,controller-transient-rss,../../../target/pir-index-compositions-screen-v1/088-bitmap-path-n4096-g16-r0/result.json;../../../target/pir-index-compositions-screen-v1/088-bitmap-path-n4096-g16-r1/result.json;../../../target/pir-index-compositions-screen-v1/088-bitmap-path-n4096-g16-r2/result.json
wavelet,path,4096,32,16,0,contiguous,0,4,True,clustered,0,value,12,3,36,True,11.627977583333333,13.536019,22.577805,38.57203366666667,57.600649000000004,438108,431280,574480,pass,../../../target/pir-index-compositions-screen-v1/089-wavelet-path-n4096-g16-r0/result.json;../../../target/pir-index-compositions-screen-v1/089-wavelet-path-n4096-g16-r1/result.json;../../../target/pir-index-compositions-screen-v1/089-wavelet-path-n4096-g16-r2/result.json
radix,ramen,32,16,4,0,contiguous,0,4,False,shuffled,0,value,12,3,36,False,218.85163797222222,274.31256300000007,1.07333,225.14246208333336,226.0464351666667,8306,3698,1900,pass,../../../target/pir-ramen-compositions-v1/000-radix-ramen-n32-g4-r0/result.json;../../../target/pir-ramen-compositions-v1/000-radix-ramen-n32-g4-r1/result.json;../../../target/pir-ramen-compositions-v1/000-radix-ramen-n32-g4-r2/result.json
hash,ramen,32,16,4,0,contiguous,0,4,False,shuffled,0,value,12,3,36,False,906.3510490833334,969.6714190000002,1.379379,930.9043650833333,932.2228932500001,23171,8601,5184,pass,../../../target/pir-ramen-compositions-v1/001-hash-ramen-n32-g4-r0/result.json;../../../target/pir-ramen-compositions-v1/001-hash-ramen-n32-g4-r1/result.json;../../../target/pir-ramen-compositions-v1/001-hash-ramen-n32-g4-r2/result.json
bitmap,ramen,32,16,16,0,contiguous,0,4,False,shuffled,0,value,12,3,36,False,747.2905388055555,904.8137620000003,15.381616,789.4897905833333,803.7874714999999,20822,9432,8188,pass,../../../target/pir-ramen-compositions-v1/002-bitmap-ramen-n32-g16-r0/result.json;../../../target/pir-ramen-compositions-v1/002-bitmap-ramen-n32-g16-r1/result.json;../../../target/pir-ramen-compositions-v1/002-bitmap-ramen-n32-g16-r2/result.json
wavelet,ramen,32,16,16,0,contiguous,0,4,False,shuffled,0,value,12,3,36,False,771.2414271944444,818.866385000003,7.90659,779.8389859166665,786.1273150833332,29765,17716,2112,pass,../../../target/pir-ramen-compositions-v1/003-wavelet-ramen-n32-g16-r0/result.json;../../../target/pir-ramen-compositions-v1/003-wavelet-ramen-n32-g16-r1/result.json;../../../target/pir-ramen-compositions-v1/003-wavelet-ramen-n32-g16-r2/result.json
posting,ramen,32,16,4,0,contiguous,0,4,False,shuffled,0,value,12,3,36,False,72.72954852777778,117.50075599999998,0.388954,79.85637066666668,80.18313433333334,2770,1230,3003,pass,../../../target/pir-ramen-compositions-v1/004-posting-ramen-n32-g4-r0/result.json;../../../target/pir-ramen-compositions-v1/004-posting-ramen-n32-g4-r1/result.json;../../../target/pir-ramen-compositions-v1/004-posting-ramen-n32-g4-r2/result.json
authenticated,ramen,32,16,4,0,contiguous,0,4,False,shuffled,0,value,12,3,36,False,6357.845175277781,6532.699439000004,7.233602,6461.781047583333,6467.926385833333,97433,36611,32768,pass,../../../target/pir-ramen-compositions-v1/005-authenticated-ramen-n32-g4-r0/result.json;../../../target/pir-ramen-compositions-v1/005-authenticated-ramen-n32-g4-r1/result.json;../../../target/pir-ramen-compositions-v1/005-authenticated-ramen-n32-g4-r2/result.json
radix,ramen,128,16,4,0,contiguous,0,4,False,shuffled,0,value,12,3,36,False,295.82929975,425.42734700000005,2.349925,321.17532316666666,322.1618154166667,8311,3716,7140,pass,../../../target/pir-ramen-compositions-v1/006-radix-ramen-n128-g4-r0/result.json;../../../target/pir-ramen-compositions-v1/006-radix-ramen-n128-g4-r1/result.json;../../../target/pir-ramen-compositions-v1/006-radix-ramen-n128-g4-r2/result.json
hash,ramen,128,16,4,0,contiguous,0,4,False,shuffled,0,value,12,3,36,False,620.7470521111111,840.8002150000001,2.559047,645.123,646.3661860833334,16321,6362,13002,pass,../../../target/pir-ramen-compositions-v1/007-hash-ramen-n128-g4-r0/result.json;../../../target/pir-ramen-compositions-v1/007-hash-ramen-n128-g4-r1/result.json;../../../target/pir-ramen-compositions-v1/007-hash-ramen-n128-g4-r2/result.json
bitmap,ramen,128,16,16,0,contiguous,0,4,False,shuffled,0,value,12,3,36,False,1372.5851667777779,1599.4659419999998,16.149407,1483.6223864166668,1496.959611166667,23493,10312,44109,pass,../../../target/pir-ramen-compositions-v1/008-bitmap-ramen-n128-g16-r0/result.json;../../../target/pir-ramen-compositions-v1/008-bitmap-ramen-n128-g16-r1/result.json;../../../target/pir-ramen-compositions-v1/008-bitmap-ramen-n128-g16-r2/result.json
wavelet,ramen,128,16,16,0,contiguous,0,4,False,shuffled,0,value,12,3,36,False,1479.6095880277774,1512.6463190000018,9.118318,1502.37072575,1510.3982506666669,39680,23598,8640,pass,../../../target/pir-ramen-compositions-v1/009-wavelet-ramen-n128-g16-r0/result.json;../../../target/pir-ramen-compositions-v1/009-wavelet-ramen-n128-g16-r1/result.json;../../../target/pir-ramen-compositions-v1/009-wavelet-ramen-n128-g16-r2/result.json
posting,ramen,128,16,4,0,contiguous,0,4,False,shuffled,0,value,12,3,36,False,91.86095283333333,342.472065,0.353037,116.83527708333332,117.10632091666666,2773,1232,11997,pass,../../../target/pir-ramen-compositions-v1/010-posting-ramen-n128-g4-r0/result.json;../../../target/pir-ramen-compositions-v1/010-posting-ramen-n128-g4-r1/result.json;../../../target/pir-ramen-compositions-v1/010-posting-ramen-n128-g4-r2/result.json
authenticated,ramen,128,16,4,0,contiguous,0,4,False,shuffled,0,value,12,3,36,False,14827.651306194444,17604.912183999957,8.507266,15312.1322775,15320.153823,125250,47149,131072,pass,../../../target/pir-ramen-compositions-v1/011-authenticated-ramen-n128-g4-r0/result.json;../../../target/pir-ramen-compositions-v1/011-authenticated-ramen-n128-g4-r1/result.json;../../../target/pir-ramen-compositions-v1/011-authenticated-ramen-n128-g4-r2/result.json
authenticated,ramen,32,16,4,0,contiguous,0,4,False,shuffled,4,value,12,3,36,True,6624.0623387222195,6899.223979999992,7.560093,7374.246119833333,7380.856082916666,97431,36630,32768,pass,../../../target/pir-ramen-compositions-v1/012-authenticated-ramen-n32-g4-r0/result.json;../../../target/pir-ramen-compositions-v1/012-authenticated-ramen-n32-g4-r1/result.json;../../../target/pir-ramen-compositions-v1/012-authenticated-ramen-n32-g4-r2/result.json
authenticated,ramen,32,16,4,0,contiguous,0,4,False,shuffled,4,delete,12,3,36,True,6532.234453527776,6726.343218999995,7.716008,7209.531401333334,7215.766951916667,97404,36616,32768,pass,../../../target/pir-ramen-compositions-v1/013-authenticated-ramen-n32-g4-r0/result.json;../../../target/pir-ramen-compositions-v1/013-authenticated-ramen-n32-g4-r1/result.json;../../../target/pir-ramen-compositions-v1/013-authenticated-ramen-n32-g4-r2/result.json
authenticated,ramen,32,16,4,0,contiguous,0,4,False,shuffled,4,insert,12,3,36,True,6327.801114944445,6528.267134000003,7.105457,6979.423414166667,6985.543606583334,97424,36624,32768,pass,../../../target/pir-ramen-compositions-v1/014-authenticated-ramen-n32-g4-r0/result.json;../../../target/pir-ramen-compositions-v1/014-authenticated-ramen-n32-g4-r1/result.json;../../../target/pir-ramen-compositions-v1/014-authenticated-ramen-n32-g4-r2/result.json
radix,dense-native,256,96,4,0,contiguous,0,4,False,shuffled,0,value,32,3,96,True,0.4330619895833334,0.4591359999999991,0.43484,0.7300491250000001,1.1239480937500002,462,5710,58512,pass,../../../target/pir-index-native-v1/000-radix-dense-native-n256-g4-r0/result.json;../../../target/pir-index-native-v1/000-radix-dense-native-n256-g4-r1/result.json;../../../target/pir-index-native-v1/000-radix-dense-native-n256-g4-r2/result.json
radix,path-native,256,96,4,0,contiguous,0,4,False,shuffled,0,value,32,3,96,True,3.3628116354166657,3.59740800000003,1.428369,4.41830409375,5.686612,118896,119073,58512,pass,../../../target/pir-index-native-v1/001-radix-path-native-n256-g4-r0/result.json;../../../target/pir-index-native-v1/001-radix-path-native-n256-g4-r1/result.json;../../../target/pir-index-native-v1/001-radix-path-native-n256-g4-r2/result.json
radix,singlepass-native,256,96,4,0,contiguous,0,4,False,shuffled,0,value,32,3,96,True,0.7418484270833333,0.7899910000000006,0.502916,1.15324846875,1.605661125,334,21222,58512,pass,../../../target/pir-index-native-v1/002-radix-singlepass-native-n256-g4-r0/result.json;../../../target/pir-index-native-v1/002-radix-singlepass-native-n256-g4-r1/result.json;../../../target/pir-index-native-v1/002-radix-singlepass-native-n256-g4-r2/result.json
hash,dense-native,256,96,4,0,contiguous,0,4,False,shuffled,0,value,32,3,96,True,0.5612920625000001,0.6062199999999995,0.497909,0.9188075,1.34151475,450,10729,109460,pass,../../../target/pir-index-native-v1/003-hash-dense-native-n256-g4-r0/result.json;../../../target/pir-index-native-v1/003-hash-dense-native-n256-g4-r1/result.json;../../../target/pir-index-native-v1/003-hash-dense-native-n256-g4-r2/result.json
hash,path-native,256,96,4,0,contiguous,0,4,False,shuffled,0,value,32,3,96,True,6.1505346250000015,6.589925000000022,2.099551,7.99679803125,9.904663,231756,231938,109460,pass,../../../target/pir-index-native-v1/004-hash-path-native-n256-g4-r0/result.json;../../../target/pir-index-native-v1/004-hash-path-native-n256-g4-r1/result.json;../../../target/pir-index-native-v1/004-hash-path-native-n256-g4-r2/result.json
hash,singlepass-native,256,96,4,0,contiguous,0,4,False,shuffled,0,value,32,3,96,True,1.1578250312500002,1.2139310000000005,0.637377,1.6896789375,2.20227540625,335,41286,109460,pass,../../../target/pir-index-native-v1/005-hash-singlepass-native-n256-g4-r0/result.json;../../../target/pir-index-native-v1/005-hash-singlepass-native-n256-g4-r1/result.json;../../../target/pir-index-native-v1/005-hash-singlepass-native-n256-g4-r2/result.json
bitmap,dense-native,256,96,32,0,contiguous,0,4,False,shuffled,0,value,32,3,96,True,5.604698697916667,6.939438999999996,15.21786,12.6202215625,24.611912906249998,4754,8005,154500,pass,../../../target/pir-index-native-v1/006-bitmap-dense-native-n256-g32-r0/result.json;../../../target/pir-index-native-v1/006-bitmap-dense-native-n256-g32-r1/result.json;../../../target/pir-index-native-v1/006-bitmap-dense-native-n256-g32-r2/result.json
bitmap,path-native,256,96,32,0,contiguous,0,4,False,shuffled,0,value,32,3,96,True,10.137818166666666,10.887768000000015,15.976264,19.3616295,34.14062440625,172714,172211,154500,pass,../../../target/pir-index-native-v1/007-bitmap-path-native-n256-g32-r0/result.json;../../../target/pir-index-native-v1/007-bitmap-path-native-n256-g32-r1/result.json;../../../target/pir-index-native-v1/007-bitmap-path-native-n256-g32-r2/result.json
wavelet,dense-native,256,96,32,0,contiguous,0,4,False,shuffled,0,value,32,3,96,True,4.825341010416663,5.015648999999975,5.263325,5.89361225,10.828224031249999,9000,37171,67774,pass,../../../target/pir-index-native-v1/008-wavelet-dense-native-n256-g32-r0/result.json;../../../target/pir-index-native-v1/008-wavelet-dense-native-n256-g32-r1/result.json;../../../target/pir-index-native-v1/008-wavelet-dense-native-n256-g32-r2/result.json
wavelet,path-native,256,96,32,0,contiguous,0,4,False,shuffled,0,value,32,3,96,True,25.650422781249958,26.667326999999432,14.547274,27.88092975,41.458111875,800280,802078,67774,pass,../../../target/pir-index-native-v1/009-wavelet-path-native-n256-g32-r0/result.json;../../../target/pir-index-native-v1/009-wavelet-path-native-n256-g32-r1/result.json;../../../target/pir-index-native-v1/009-wavelet-path-native-n256-g32-r2/result.json
posting,dense-native,256,96,4,0,contiguous,0,4,False,shuffled,0,value,32,3,96,True,0.1624188854166666,0.19055399999999967,0.203529,0.51123996875,0.6804906562499999,214,1868,106655,pass,../../../target/pir-index-native-v1/010-posting-dense-native-n256-g4-r0/result.json;../../../target/pir-index-native-v1/010-posting-dense-native-n256-g4-r1/result.json;../../../target/pir-index-native-v1/010-posting-dense-native-n256-g4-r2/result.json
posting,path-native,256,96,4,0,contiguous,0,4,False,shuffled,0,value,32,3,96,True,1.232173854166666,1.4974789999999913,0.556757,2.98955021875,3.4547704374999997,43133,43180,106655,pass,../../../target/pir-index-native-v1/011-posting-path-native-n256-g4-r0/result.json;../../../target/pir-index-native-v1/011-posting-path-native-n256-g4-r1/result.json;../../../target/pir-index-native-v1/011-posting-path-native-n256-g4-r2/result.json
posting,singlepass-native,256,96,4,0,contiguous,0,4,False,shuffled,0,value,32,3,96,True,0.2714015312500001,0.31076800000000127,0.228956,0.85579196875,1.0445184374999998,112,6929,106655,pass,../../../target/pir-index-native-v1/012-posting-singlepass-native-n256-g4-r0/result.json;../../../target/pir-index-native-v1/012-posting-singlepass-native-n256-g4-r1/result.json;../../../target/pir-index-native-v1/012-posting-singlepass-native-n256-g4-r2/result.json
authenticated,dense-native,256,96,4,0,contiguous,0,4,False,shuffled,0,value,32,3,96,True,3.2030052291666653,3.4595539999999954,3.570069,4.6391107499999995,7.8122015312499995,11880,25774,276480,pass,../../../target/pir-index-native-v1/013-authenticated-dense-native-n256-g4-r0/result.json;../../../target/pir-index-native-v1/013-authenticated-dense-native-n256-g4-r1/result.json;../../../target/pir-index-native-v1/013-authenticated-dense-native-n256-g4-r2/result.json
authenticated,path-native,256,96,4,0,contiguous,0,4,False,shuffled,0,value,32,3,96,True,19.690309135416648,21.342620999999554,10.344508,23.113396625,32.26313515625,629826,630615,276480,pass,../../../target/pir-index-native-v1/014-authenticated-path-native-n256-g4-r0/result.json;../../../target/pir-index-native-v1/014-authenticated-path-native-n256-g4-r1/result.json;../../../target/pir-index-native-v1/014-authenticated-path-native-n256-g4-r2/result.json
radix,dense-native,4096,96,4,0,contiguous,0,4,False,shuffled,0,value,32,3,96,True,0.8429251250000005,0.995663000000004,0.750739,3.2499151250000002,3.8286471874999997,4712,7680,935608,pass,../../../target/pir-index-native-v1/015-radix-dense-native-n4096-g4-r0/result.json;../../../target/pir-index-native-v1/015-radix-dense-native-n4096-g4-r1/result.json;../../../target/pir-index-native-v1/015-radix-dense-native-n4096-g4-r2/result.json
radix,path-native,4096,96,4,0,contiguous,0,4,False,shuffled,0,value,32,3,96,True,6.106553156249992,7.039949000000092,2.957207,24.75038878125,27.31037146875,231016,231076,935608,pass,../../../target/pir-index-native-v1/016-radix-path-native-n4096-g4-r0/result.json;../../../target/pir-index-native-v1/016-radix-path-native-n4096-g4-r1/result.json;../../../target/pir-index-native-v1/016-radix-path-native-n4096-g4-r2/result.json
radix,singlepass-native,4096,96,4,0,contiguous,0,4,False,shuffled,0,value,32,3,96,True,1.0585373541666665,1.1578339999999976,0.819174,5.298507875,5.9419330312500005,486,28556,935608,pass,../../../target/pir-index-native-v1/017-radix-singlepass-native-n4096-g4-r0/result.json;../../../target/pir-index-native-v1/017-radix-singlepass-native-n4096-g4-r1/result.json;../../../target/pir-index-native-v1/017-radix-singlepass-native-n4096-g4-r2/result.json
hash,dense-native,4096,96,4,0,contiguous,0,4,False,shuffled,0,value,32,3,96,True,1.040556135416667,1.2409319999999866,0.656835,5.571783281249999,6.0912314062499995,3330,16002,2626050,pass,../../../target/pir-index-native-v1/018-hash-dense-native-n4096-g4-r0/result.json;../../../target/pir-index-native-v1/018-hash-dense-native-n4096-g4-r1/result.json;../../../target/pir-index-native-v1/018-hash-dense-native-n4096-g4-r2/result.json
hash,path-native,4096,96,4,0,contiguous,0,4,False,shuffled,0,value,32,3,96,True,12.687477802083313,13.953146999999944,4.384346,59.7173799375,63.30649028125,505934,506005,2626050,controller-transient-rss,../../../target/pir-index-native-v1/019-hash-path-native-n4096-g4-r0/result.json;../../../target/pir-index-native-v1/019-hash-path-native-n4096-g4-r1/result.json;../../../target/pir-index-native-v1/019-hash-path-native-n4096-g4-r2/result.json
hash,singlepass-native,4096,96,4,0,contiguous,0,4,False,shuffled,0,value,32,3,96,True,1.670082583333333,1.9837640000000079,0.958908,10.929726375000001,11.546529093750001,366,62367,2626050,pass,../../../target/pir-index-native-v1/020-hash-singlepass-native-n4096-g4-r0/result.json;../../../target/pir-index-native-v1/020-hash-singlepass-native-n4096-g4-r1/result.json;../../../target/pir-index-native-v1/020-hash-singlepass-native-n4096-g4-r2/result.json
bitmap,dense-native,4096,96,32,0,contiguous,0,4,False,shuffled,0,value,32,3,96,True,7.632421854166669,9.418061000000007,14.952472,25.0533724375,38.482357343749996,45102,8068,2553200,pass,../../../target/pir-index-native-v1/021-bitmap-dense-native-n4096-g32-r0/result.json;../../../target/pir-index-native-v1/021-bitmap-dense-native-n4096-g32-r1/result.json;../../../target/pir-index-native-v1/021-bitmap-dense-native-n4096-g32-r2/result.json
bitmap,path-native,4096,96,32,0,contiguous,0,4,False,shuffled,0,value,32,3,96,True,11.71216185416666,12.933400999999776,17.935808,59.97000315625,75.788478125,237024,236177,2553200,controller-transient-rss,../../../target/pir-index-native-v1/022-bitmap-path-native-n4096-g32-r0/result.json;../../../target/pir-index-native-v1/022-bitmap-path-native-n4096-g32-r1/result.json;../../../target/pir-index-native-v1/022-bitmap-path-native-n4096-g32-r2/result.json
wavelet,dense-native,4096,96,32,0,contiguous,0,4,False,shuffled,0,value,32,3,96,True,10.992232197916666,11.826439000000136,9.097785,15.3511061875,23.34857396875,151112,54271,1174160,pass,../../../target/pir-index-native-v1/023-wavelet-dense-native-n4096-g32-r0/result.json;../../../target/pir-index-native-v1/023-wavelet-dense-native-n4096-g32-r1/result.json;../../../target/pir-index-native-v1/023-wavelet-dense-native-n4096-g32-r2/result.json
wavelet,path-native,4096,96,32,0,contiguous,0,4,False,shuffled,0,value,32,3,96,True,46.48067216666682,49.08138100000099,29.073367,66.49509990624999,92.351973125,1632578,1633029,1174160,online-client-wire,../../../target/pir-index-native-v1/024-wavelet-path-native-n4096-g32-r0/result.json;../../../target/pir-index-native-v1/024-wavelet-path-native-n4096-g32-r1/result.json;../../../target/pir-index-native-v1/024-wavelet-path-native-n4096-g32-r2/result.json
posting,dense-native,4096,96,4,0,contiguous,0,4,False,shuffled,0,value,32,3,96,True,0.2536342187499997,0.3775330000000032,0.199632,3.5775792812500002,3.76077540625,2134,1886,1716643,pass,../../../target/pir-index-native-v1/025-posting-dense-native-n4096-g4-r0/result.json;../../../target/pir-index-native-v1/025-posting-dense-native-n4096-g4-r1/result.json;../../../target/pir-index-native-v1/025-posting-dense-native-n4096-g4-r2/result.json
posting,path-native,4096,96,4,0,contiguous,0,4,False,shuffled,0,value,32,3,96,True,1.625517197916664,1.7989699999999402,0.846896,32.66369409375,33.32190259375,60939,60940,1716643,controller-transient-rss,../../../target/pir-index-native-v1/026-posting-path-native-n4096-g4-r0/result.json;../../../target/pir-index-native-v1/026-posting-path-native-n4096-g4-r1/result.json;../../../target/pir-index-native-v1/026-posting-path-native-n4096-g4-r2/result.json
posting,singlepass-native,4096,96,4,0,contiguous,0,4,False,shuffled,0,value,32,3,96,True,0.2746548541666665,0.31923499999999194,0.244055,7.20262196875,7.4180806875,125,6997,1716643,pass,../../../target/pir-index-native-v1/027-posting-singlepass-native-n4096-g4-r0/result.json;../../../target/pir-index-native-v1/027-posting-singlepass-native-n4096-g4-r1/result.json;../../../target/pir-index-native-v1/027-posting-singlepass-native-n4096-g4-r2/result.json
authenticated,dense-native,4096,96,4,0,contiguous,0,4,False,shuffled,0,value,32,3,96,True,15.77446115625,19.365655000000032,6.432998,28.877884187499998,34.147942531249996,231672,36386,4456448,pass,../../../target/pir-index-native-v1/028-authenticated-dense-native-n4096-g4-r0/result.json;../../../target/pir-index-native-v1/028-authenticated-dense-native-n4096-g4-r1/result.json;../../../target/pir-index-native-v1/028-authenticated-dense-native-n4096-g4-r2/result.json
authenticated,path-native,4096,96,4,0,contiguous,0,4,False,shuffled,0,value,32,3,96,True,33.39065774999996,35.216563999999835,18.518387,84.99452690625,101.4993249375,1210690,1210602,4456448,controller-transient-rss;online-client-wire,../../../target/pir-index-native-v1/029-authenticated-path-native-n4096-g4-r0/result.json;../../../target/pir-index-native-v1/029-authenticated-path-native-n4096-g4-r1/result.json;../../../target/pir-index-native-v1/029-authenticated-path-native-n4096-g4-r2/result.json
radix,dense-native,256,32,4,32,scattered,0,4,False,shuffled,0,value,16,6,96,True,1.3335067083333336,1.4475339999999988,1.592828,2.72506071875,4.092741625,4878,8430,166348,pass,../../../target/pir-index-extras-v1/000-radix-dense-native-n256-g4-r0/result.json;../../../target/pir-index-extras-v1/000-radix-dense-native-n256-g4-r1/result.json;../../../target/pir-index-extras-v1/000-radix-dense-native-n256-g4-r2/result.json;../../../target/pir-index-extras-focused/000-radix-dense-native-n256-g4-r0/result.json;../../../target/pir-index-extras-focused/000-radix-dense-native-n256-g4-r1/result.json;../../../target/pir-index-extras-focused/000-radix-dense-native-n256-g4-r2/result.json
radix,dense-native,256,32,4,32,scattered,8,4,False,shuffled,0,value,16,6,96,True,1.0160020625,1.1088659999999937,1.185209,2.13300746875,3.1847997500000003,2898,6557,119756,pass,../../../target/pir-index-extras-v1/001-radix-dense-native-n256-g4-r0/result.json;../../../target/pir-index-extras-v1/001-radix-dense-native-n256-g4-r1/result.json;../../../target/pir-index-extras-v1/001-radix-dense-native-n256-g4-r2/result.json;../../../target/pir-index-extras-focused/001-radix-dense-native-n256-g4-r0/result.json;../../../target/pir-index-extras-focused/001-radix-dense-native-n256-g4-r1/result.json;../../../target/pir-index-extras-focused/001-radix-dense-native-n256-g4-r2/result.json
radix,dense-native,256,32,4,32,scattered,16,4,False,shuffled,0,value,16,6,96,True,0.7071701875,0.7849940000000002,0.843691,1.5236595312499999,2.28288959375,1430,4677,73164,pass,../../../target/pir-index-extras-v1/002-radix-dense-native-n256-g4-r0/result.json;../../../target/pir-index-extras-v1/002-radix-dense-native-n256-g4-r1/result.json;../../../target/pir-index-extras-v1/002-radix-dense-native-n256-g4-r2/result.json;../../../target/pir-index-extras-focused/002-radix-dense-native-n256-g4-r0/result.json;../../../target/pir-index-extras-focused/002-radix-dense-native-n256-g4-r1/result.json;../../../target/pir-index-extras-focused/002-radix-dense-native-n256-g4-r2/result.json
radix,path-native,256,32,4,32,scattered,0,4,False,shuffled,0,value,16,6,96,True,6.266729770833335,7.10536399999998,4.101389,10.355262062500001,13.981728437500003,196304,196662,166348,pass,../../../target/pir-index-extras-v1/003-radix-path-native-n256-g4-r0/result.json;../../../target/pir-index-extras-v1/003-radix-path-native-n256-g4-r1/result.json;../../../target/pir-index-extras-v1/003-radix-path-native-n256-g4-r2/result.json;../../../target/pir-index-extras-focused/003-radix-path-native-n256-g4-r0/result.json;../../../target/pir-index-extras-focused/003-radix-path-native-n256-g4-r1/result.json;../../../target/pir-index-extras-focused/003-radix-path-native-n256-g4-r2/result.json
radix,path-native,256,32,4,32,scattered,8,4,False,shuffled,0,value,16,6,96,True,4.696142093749999,5.1037760000000105,2.946346,8.655690437499999,11.347106375,152682,152958,119756,pass,../../../target/pir-index-extras-v1/004-radix-path-native-n256-g4-r0/result.json;../../../target/pir-index-extras-v1/004-radix-path-native-n256-g4-r1/result.json;../../../target/pir-index-extras-v1/004-radix-path-native-n256-g4-r2/result.json;../../../target/pir-index-extras-focused/004-radix-path-native-n256-g4-r0/result.json;../../../target/pir-index-extras-focused/004-radix-path-native-n256-g4-r1/result.json;../../../target/pir-index-extras-focused/004-radix-path-native-n256-g4-r2/result.json
radix,path-native,256,32,4,32,scattered,16,4,False,shuffled,0,value,16,6,96,True,3.014041270833333,3.239263000000001,1.955961,5.1631275625,6.940888656249999,99155,99394,73164,pass,../../../target/pir-index-extras-v1/005-radix-path-native-n256-g4-r0/result.json;../../../target/pir-index-extras-v1/005-radix-path-native-n256-g4-r1/result.json;../../../target/pir-index-extras-v1/005-radix-path-native-n256-g4-r2/result.json;../../../target/pir-index-extras-focused/005-radix-path-native-n256-g4-r0/result.json;../../../target/pir-index-extras-focused/005-radix-path-native-n256-g4-r1/result.json;../../../target/pir-index-extras-focused/005-radix-path-native-n256-g4-r2/result.json
radix,singlepass-native,256,32,4,32,scattered,0,4,False,shuffled,0,value,16,6,96,True,1.60835225,1.6925740000000022,1.549659,3.694145625,5.0408680937499994,1080,28826,166348,pass,../../../target/pir-index-extras-v1/006-radix-singlepass-native-n256-g4-r0/result.json;../../../target/pir-index-extras-v1/006-radix-singlepass-native-n256-g4-r1/result.json;../../../target/pir-index-extras-v1/006-radix-singlepass-native-n256-g4-r2/result.json;../../../target/pir-index-extras-focused/006-radix-singlepass-native-n256-g4-r0/result.json;../../../target/pir-index-extras-focused/006-radix-singlepass-native-n256-g4-r1/result.json;../../../target/pir-index-extras-focused/006-radix-singlepass-native-n256-g4-r2/result.json
radix,singlepass-native,256,32,4,32,scattered,8,4,False,shuffled,0,value,16,6,96,True,1.2449850416666666,1.323576000000001,1.256269,2.76653,3.80771178125,828,22418,119756,pass,../../../target/pir-index-extras-v1/007-radix-singlepass-native-n256-g4-r0/result.json;../../../target/pir-index-extras-v1/007-radix-singlepass-native-n256-g4-r1/result.json;../../../target/pir-index-extras-v1/007-radix-singlepass-native-n256-g4-r2/result.json;../../../target/pir-index-extras-focused/007-radix-singlepass-native-n256-g4-r0/result.json;../../../target/pir-index-extras-focused/007-radix-singlepass-native-n256-g4-r1/result.json;../../../target/pir-index-extras-focused/007-radix-singlepass-native-n256-g4-r2/result.json
radix,singlepass-native,256,32,4,32,scattered,16,4,False,shuffled,0,value,16,6,96,True,0.9034926041666667,0.9745659999999985,0.90855,2.0187778125,2.8059365625000003,570,16010,73164,pass,../../../target/pir-index-extras-v1/008-radix-singlepass-native-n256-g4-r0/result.json;../../../target/pir-index-extras-v1/008-radix-singlepass-native-n256-g4-r1/result.json;../../../target/pir-index-extras-v1/008-radix-singlepass-native-n256-g4-r2/result.json;../../../target/pir-index-extras-focused/008-radix-singlepass-native-n256-g4-r0/result.json;../../../target/pir-index-extras-focused/008-radix-singlepass-native-n256-g4-r1/result.json;../../../target/pir-index-extras-focused/008-radix-singlepass-native-n256-g4-r2/result.json
radix,ramen,256,32,4,32,scattered,0,4,False,shuffled,0,value,16,3,48,True,5494.394421916667,6284.6415239999915,3.835375,5845.361139250001,5848.878006375001,45493,17961,166348,pass,../../../target/pir-index-extras-v1/009-radix-ramen-n256-g4-r0/result.json;../../../target/pir-index-extras-v1/009-radix-ramen-n256-g4-r1/result.json;../../../target/pir-index-extras-v1/009-radix-ramen-n256-g4-r2/result.json
radix,ramen,256,32,4,32,scattered,8,4,False,shuffled,0,value,16,2,32,True,4252.584332874999,5973.8753160000015,2.933544,4578.854374218749,4581.50246321875,35395,13961,119756,pass,../../../target/pir-index-extras-v1/010-radix-ramen-n256-g4-r0/result.json;../../../target/pir-index-extras-v1/010-radix-ramen-n256-g4-r1/result.json
radix,dense-native,1024,32,4,32,scattered,0,4,False,shuffled,0,value,16,3,48,True,1.5685549166666684,1.6761859999999977,1.435231,5.272751937500001,6.586483187500001,15822,8466,612318,pass,../../../target/pir-index-extras-focused/009-radix-dense-native-n1024-g4-r0/result.json;../../../target/pir-index-extras-focused/009-radix-dense-native-n1024-g4-r1/result.json;../../../target/pir-index-extras-focused/009-radix-dense-native-n1024-g4-r2/result.json
radix,dense-native,1024,32,4,32,scattered,8,4,False,shuffled,0,value,16,3,48,True,1.1074462916666659,1.2125669999999964,1.145223,3.6624036875,4.609153625,8722,6587,424926,pass,../../../target/pir-index-extras-focused/010-radix-dense-native-n1024-g4-r0/result.json;../../../target/pir-index-extras-focused/010-radix-dense-native-n1024-g4-r1/result.json;../../../target/pir-index-extras-focused/010-radix-dense-native-n1024-g4-r2/result.json
radix,dense-native,1024,32,4,32,scattered,16,4,False,shuffled,0,value,16,3,48,True,0.7157387083333335,0.7748010000000018,0.801831,2.2709043749999998,2.9271992499999997,3670,4703,237534,pass,../../../target/pir-index-extras-focused/011-radix-dense-native-n1024-g4-r0/result.json;../../../target/pir-index-extras-focused/011-radix-dense-native-n1024-g4-r1/result.json;../../../target/pir-index-extras-focused/011-radix-dense-native-n1024-g4-r2/result.json
radix,path-native,1024,32,4,32,scattered,0,4,False,shuffled,0,value,16,3,48,True,6.513907145833323,6.862832999999966,3.95298,21.314493875,25.01446775,233132,233271,612318,pass,../../../target/pir-index-extras-focused/012-radix-path-native-n1024-g4-r0/result.json;../../../target/pir-index-extras-focused/012-radix-path-native-n1024-g4-r1/result.json;../../../target/pir-index-extras-focused/012-radix-path-native-n1024-g4-r2/result.json
radix,path-native,1024,32,4,32,scattered,8,4,False,shuffled,0,value,16,3,48,True,5.149589374999998,5.2435190000000205,3.22217,19.485222812499998,22.519246875,181324,181432,424926,pass,../../../target/pir-index-extras-focused/013-radix-path-native-n1024-g4-r0/result.json;../../../target/pir-index-extras-focused/013-radix-path-native-n1024-g4-r1/result.json;../../../target/pir-index-extras-focused/013-radix-path-native-n1024-g4-r2/result.json
radix,path-native,1024,32,4,32,scattered,16,4,False,shuffled,0,value,16,3,48,True,3.362840937500001,3.505147999999963,2.085084,10.5371389375,12.490924625,119563,119704,237534,pass,../../../target/pir-index-extras-focused/014-radix-path-native-n1024-g4-r0/result.json;../../../target/pir-index-extras-focused/014-radix-path-native-n1024-g4-r1/result.json;../../../target/pir-index-extras-focused/014-radix-path-native-n1024-g4-r2/result.json
radix,singlepass-native,1024,32,4,32,scattered,0,4,False,shuffled,0,value,16,3,48,True,1.6092413541666664,1.698334999999993,1.536273,7.8183706875,9.259689999999999,1097,28981,612318,pass,../../../target/pir-index-extras-focused/015-radix-singlepass-native-n1024-g4-r0/result.json;../../../target/pir-index-extras-focused/015-radix-singlepass-native-n1024-g4-r1/result.json;../../../target/pir-index-extras-focused/015-radix-singlepass-native-n1024-g4-r2/result.json
radix,singlepass-native,1024,32,4,32,scattered,8,4,False,shuffled,0,value,16,3,48,True,1.2439504374999992,1.3219599999999954,1.208491,5.6484726875,6.644846062500001,850,22530,424926,pass,../../../target/pir-index-extras-focused/016-radix-singlepass-native-n1024-g4-r0/result.json;../../../target/pir-index-extras-focused/016-radix-singlepass-native-n1024-g4-r1/result.json;../../../target/pir-index-extras-focused/016-radix-singlepass-native-n1024-g4-r2/result.json
radix,singlepass-native,1024,32,4,32,scattered,16,4,False,shuffled,0,value,16,3,48,True,0.9129289791666654,0.970689999999995,0.926906,3.5128448125,4.37464375,604,16094,237534,pass,../../../target/pir-index-extras-focused/017-radix-singlepass-native-n1024-g4-r0/result.json;../../../target/pir-index-extras-focused/017-radix-singlepass-native-n1024-g4-r1/result.json;../../../target/pir-index-extras-focused/017-radix-singlepass-native-n1024-g4-r2/result.json
posting,dense-native,16384,32,4,0,contiguous,0,4,False,shuffled,0,value,128,3,384,True,0.3142021953124996,0.42436000000000007,0.202718,2.1491037734375,2.31522703125,8278,870,2703525,pass,../../../target/pir-posting-frontier/000-posting-dense-native-n16384-g4-r0/result.json;../../../target/pir-posting-frontier/000-posting-dense-native-n16384-g4-r1/result.json;../../../target/pir-posting-frontier/000-posting-dense-native-n16384-g4-r2/result.json
posting,singlepass-native,16384,32,4,0,contiguous,0,4,False,shuffled,0,value,128,3,384,True,0.1750965104166664,0.19466299999998427,0.193319,3.6829014296875,3.83805928125,132,2935,2703525,pass,../../../target/pir-posting-frontier/001-posting-singlepass-native-n16384-g4-r0/result.json;../../../target/pir-posting-frontier/001-posting-singlepass-native-n16384-g4-r1/result.json;../../../target/pir-posting-frontier/001-posting-singlepass-native-n16384-g4-r2/result.json
posting,singlepass-native,16384,32,4,0,contiguous,0,16,False,shuffled,0,value,128,3,384,True,0.3800893723958334,0.42798700000000167,0.248644,3.7909084140625,4.012203453124999,223,11165,2703525,pass,../../../target/pir-posting-frontier/002-posting-singlepass-native-n16384-g4-r0/result.json;../../../target/pir-posting-frontier/002-posting-singlepass-native-n16384-g4-r1/result.json;../../../target/pir-posting-frontier/002-posting-singlepass-native-n16384-g4-r2/result.json
posting,singlepass-native,16384,32,4,0,contiguous,0,32,False,shuffled,0,value,128,3,384,True,0.6788594218749999,0.7987679999999813,0.436823,4.1725551640625,4.5017749531249995,342,22141,2703525,pass,../../../target/pir-posting-frontier/003-posting-singlepass-native-n16384-g4-r0/result.json;../../../target/pir-posting-frontier/003-posting-singlepass-native-n16384-g4-r1/result.json;../../../target/pir-posting-frontier/003-posting-singlepass-native-n16384-g4-r2/result.json
posting,dense-native,65536,32,4,0,contiguous,0,4,False,shuffled,0,value,128,3,384,True,2.427139703125,2.7412350000000174,0.431153,10.5527742734375,10.917094078125,32854,878,10944679,pass,../../../target/pir-posting-frontier/004-posting-dense-native-n65536-g4-r0/result.json;../../../target/pir-posting-frontier/004-posting-dense-native-n65536-g4-r1/result.json;../../../target/pir-posting-frontier/004-posting-dense-native-n65536-g4-r2/result.json
posting,singlepass-native,65536,32,4,0,contiguous,0,4,False,shuffled,0,value,128,3,384,True,0.19901947395833663,0.23100999999991245,0.229135,14.763405281249998,14.968597265624998,141,2969,10944679,controller-transient-rss,../../../target/pir-posting-frontier/005-posting-singlepass-native-n65536-g4-r0/result.json;../../../target/pir-posting-frontier/005-posting-singlepass-native-n65536-g4-r1/result.json;../../../target/pir-posting-frontier/005-posting-singlepass-native-n65536-g4-r2/result.json
posting,singlepass-native,65536,32,4,0,contiguous,0,16,False,shuffled,0,value,128,3,384,True,0.4360019843750038,0.49491199999997093,0.314356,14.6609030703125,14.93919575,251,11295,10944679,controller-transient-rss,../../../target/pir-posting-frontier/006-posting-singlepass-native-n65536-g4-r0/result.json;../../../target/pir-posting-frontier/006-posting-singlepass-native-n65536-g4-r1/result.json;../../../target/pir-posting-frontier/006-posting-singlepass-native-n65536-g4-r2/result.json
posting,singlepass-native,65536,32,4,0,contiguous,0,32,False,shuffled,0,value,128,3,384,True,0.7250344348958336,0.8541809999999828,0.419111,15.1837653359375,15.551227414062499,392,22399,10944679,controller-transient-rss,../../../target/pir-posting-frontier/007-posting-singlepass-native-n65536-g4-r0/result.json;../../../target/pir-posting-frontier/007-posting-singlepass-native-n65536-g4-r1/result.json;../../../target/pir-posting-frontier/007-posting-singlepass-native-n65536-g4-r2/result.json
posting,dense-native,16384,32,4,0,contiguous,0,4,False,shuffled,0,value,4096,3,12288,True,0.2924330105794269,0.33633600000001707,0.17731,0.37296492968750006,0.5312769621582032,8278,872,2703525,pass,../../../target/pir-posting-warm/000-posting-dense-native-n16384-g4-r0/result.json;../../../target/pir-posting-warm/000-posting-dense-native-n16384-g4-r1/result.json;../../../target/pir-posting-warm/000-posting-dense-native-n16384-g4-r2/result.json
posting,singlepass-native,16384,32,4,0,contiguous,0,4,False,shuffled,0,value,4096,3,12288,True,0.16665478653971313,0.18890299999998206,0.172892,0.2801909311523438,0.43295930664062504,132,2936,2703525,pass,../../../target/pir-posting-warm/001-posting-singlepass-native-n16384-g4-r0/result.json;../../../target/pir-posting-warm/001-posting-singlepass-native-n16384-g4-r1/result.json;../../../target/pir-posting-warm/001-posting-singlepass-native-n16384-g4-r2/result.json
posting,dense-native,65536,32,4,0,contiguous,0,4,False,shuffled,0,value,4096,3,12288,True,2.184270539632163,2.5255239999996775,0.394706,2.5339710700683593,2.841278780517578,32854,894,10944679,pass,../../../target/pir-posting-warm/002-posting-dense-native-n65536-g4-r0/result.json;../../../target/pir-posting-warm/002-posting-dense-native-n65536-g4-r1/result.json;../../../target/pir-posting-warm/002-posting-dense-native-n65536-g4-r2/result.json
posting,singlepass-native,65536,32,4,0,contiguous,0,4,False,shuffled,0,value,4096,3,12288,True,0.20542133219400938,0.24228999999996859,0.217616,0.6253623166503907,0.8015616135253907,142,2975,10944679,pass,../../../target/pir-posting-warm/003-posting-singlepass-native-n65536-g4-r0/result.json;../../../target/pir-posting-warm/003-posting-singlepass-native-n65536-g4-r1/result.json;../../../target/pir-posting-warm/003-posting-singlepass-native-n65536-g4-r2/result.json
radix,dense-native,128,32,4,0,contiguous,0,4,False,shuffled,8,value,24,3,72,True,0.3634115416666667,0.3885830000000001,0.407609,0.9230465416666666,1.30331275,354,2614,11620,pass,../../../target/pir-index-maintenance/000-radix-dense-native-n128-g4-r0/result.json;../../../target/pir-index-maintenance/000-radix-dense-native-n128-g4-r1/result.json;../../../target/pir-index-maintenance/000-radix-dense-native-n128-g4-r2/result.json
radix,dense-native,128,32,4,0,contiguous,0,4,False,shuffled,8,key,24,3,72,True,0.3643903194444444,0.3893650000000002,0.441842,0.9345010833333335,1.3252206666666668,366,2614,11620,pass,../../../target/pir-index-maintenance/001-radix-dense-native-n128-g4-r0/result.json;../../../target/pir-index-maintenance/001-radix-dense-native-n128-g4-r1/result.json;../../../target/pir-index-maintenance/001-radix-dense-native-n128-g4-r2/result.json
radix,path-native,128,32,4,0,contiguous,0,4,False,shuffled,8,value,24,3,72,True,1.3202180972222222,1.373145,0.922939,2.3798201249999997,3.2292959999999997,43779,43981,11620,pass,../../../target/pir-index-maintenance/002-radix-path-native-n128-g4-r0/result.json;../../../target/pir-index-maintenance/002-radix-path-native-n128-g4-r1/result.json;../../../target/pir-index-maintenance/002-radix-path-native-n128-g4-r2/result.json
radix,path-native,128,32,4,0,contiguous,0,4,False,shuffled,8,key,24,3,72,True,1.3275310000000002,1.390409,0.91871,2.42249275,3.2582707083333333,43779,43983,11620,pass,../../../target/pir-index-maintenance/003-radix-path-native-n128-g4-r0/result.json;../../../target/pir-index-maintenance/003-radix-path-native-n128-g4-r1/result.json;../../../target/pir-index-maintenance/003-radix-path-native-n128-g4-r2/result.json
hash,dense-native,128,32,4,0,contiguous,0,4,False,shuffled,8,value,24,3,72,True,0.40046693055555554,0.4139099999999999,0.456001,1.0102868333333335,1.4047920416666664,354,4524,21450,pass,../../../target/pir-index-maintenance/004-hash-dense-native-n128-g4-r0/result.json;../../../target/pir-index-maintenance/004-hash-dense-native-n128-g4-r1/result.json;../../../target/pir-index-maintenance/004-hash-dense-native-n128-g4-r2/result.json
hash,dense-native,128,32,4,0,contiguous,0,4,False,shuffled,8,key,24,3,72,True,0.4054764444444445,0.42910000000000004,0.446181,1.0362535416666667,1.435509625,354,4523,21450,pass,../../../target/pir-index-maintenance/005-hash-dense-native-n128-g4-r0/result.json;../../../target/pir-index-maintenance/005-hash-dense-native-n128-g4-r1/result.json;../../../target/pir-index-maintenance/005-hash-dense-native-n128-g4-r2/result.json
hash,path-native,128,32,4,0,contiguous,0,4,False,shuffled,8,value,24,3,72,True,2.168100805555555,2.2300739999999983,1.096881,3.7412161666666663,4.762674458333334,81939,82140,21450,pass,../../../target/pir-index-maintenance/006-hash-path-native-n128-g4-r0/result.json;../../../target/pir-index-maintenance/006-hash-path-native-n128-g4-r1/result.json;../../../target/pir-index-maintenance/006-hash-path-native-n128-g4-r2/result.json
hash,path-native,128,32,4,0,contiguous,0,4,False,shuffled,8,key,24,3,72,True,2.169351541666667,2.2458929999999997,1.116519,3.7590870833333336,4.787052916666667,81939,82140,21450,pass,../../../target/pir-index-maintenance/007-hash-path-native-n128-g4-r0/result.json;../../../target/pir-index-maintenance/007-hash-path-native-n128-g4-r1/result.json;../../../target/pir-index-maintenance/007-hash-path-native-n128-g4-r2/result.json
bitmap,dense-native,128,32,16,0,contiguous,0,4,False,shuffled,8,value,24,3,72,True,4.700061611111111,4.900043,11.563307,14.260051583333334,24.808479583333334,3370,5473,44109,pass,../../../target/pir-index-maintenance/008-bitmap-dense-native-n128-g16-r0/result.json;../../../target/pir-index-maintenance/008-bitmap-dense-native-n128-g16-r1/result.json;../../../target/pir-index-maintenance/008-bitmap-dense-native-n128-g16-r2/result.json
bitmap,dense-native,128,32,16,0,contiguous,0,4,False,shuffled,8,key,24,3,72,True,4.735056722222222,5.111737,11.696389,14.297939541666667,25.024705125,3370,5477,44109,pass,../../../target/pir-index-maintenance/009-bitmap-dense-native-n128-g16-r0/result.json;../../../target/pir-index-maintenance/009-bitmap-dense-native-n128-g16-r1/result.json;../../../target/pir-index-maintenance/009-bitmap-dense-native-n128-g16-r2/result.json
bitmap,path-native,128,32,16,0,contiguous,0,4,False,shuffled,8,value,24,3,72,True,6.817130375,7.213192999999997,13.162641,18.026593583333334,30.042747375,94765,94401,44109,pass,../../../target/pir-index-maintenance/010-bitmap-path-native-n128-g16-r0/result.json;../../../target/pir-index-maintenance/010-bitmap-path-native-n128-g16-r1/result.json;../../../target/pir-index-maintenance/010-bitmap-path-native-n128-g16-r2/result.json
bitmap,path-native,128,32,16,0,contiguous,0,4,False,shuffled,8,key,24,3,72,True,6.906693416666666,7.300217,13.290431,18.306996708333333,30.590690791666663,94767,94401,44109,pass,../../../target/pir-index-maintenance/011-bitmap-path-native-n128-g16-r0/result.json;../../../target/pir-index-maintenance/011-bitmap-path-native-n128-g16-r1/result.json;../../../target/pir-index-maintenance/011-bitmap-path-native-n128-g16-r2/result.json
wavelet,dense-native,128,32,16,0,contiguous,0,4,False,shuffled,8,value,24,3,72,True,3.6833038055555565,3.7684440000000023,4.164149,4.94307525,8.989761208333332,5696,16532,14784,pass,../../../target/pir-index-maintenance/012-wavelet-dense-native-n128-g16-r0/result.json;../../../target/pir-index-maintenance/012-wavelet-dense-native-n128-g16-r1/result.json;../../../target/pir-index-maintenance/012-wavelet-dense-native-n128-g16-r2/result.json
wavelet,dense-native,128,32,16,0,contiguous,0,4,False,shuffled,8,key,24,3,72,True,3.6511722916666653,3.7689160000000097,4.108484,4.914626208333334,8.93914475,5696,16529,14784,pass,../../../target/pir-index-maintenance/013-wavelet-dense-native-n128-g16-r0/result.json;../../../target/pir-index-maintenance/013-wavelet-dense-native-n128-g16-r1/result.json;../../../target/pir-index-maintenance/013-wavelet-dense-native-n128-g16-r2/result.json
wavelet,path-native,128,32,16,0,contiguous,0,4,False,shuffled,8,value,24,3,72,True,10.223916722222219,10.496450000000031,8.596663,12.322979458333334,20.673319458333335,268826,270722,14784,pass,../../../target/pir-index-maintenance/014-wavelet-path-native-n128-g16-r0/result.json;../../../target/pir-index-maintenance/014-wavelet-path-native-n128-g16-r1/result.json;../../../target/pir-index-maintenance/014-wavelet-path-native-n128-g16-r2/result.json
wavelet,path-native,128,32,16,0,contiguous,0,4,False,shuffled,8,key,24,3,72,True,10.227640194444442,10.615781999999985,8.983047,12.211224374999999,20.592972166666666,268824,270719,14784,pass,../../../target/pir-index-maintenance/015-wavelet-path-native-n128-g16-r0/result.json;../../../target/pir-index-maintenance/015-wavelet-path-native-n128-g16-r1/result.json;../../../target/pir-index-maintenance/015-wavelet-path-native-n128-g16-r2/result.json
posting,dense-native,128,32,4,0,contiguous,0,4,False,shuffled,8,value,24,3,72,True,0.12028029166666666,0.12445200000000001,0.165579,0.6996204166666667,0.8293609166666668,150,836,20253,pass,../../../target/pir-index-maintenance/016-posting-dense-native-n128-g4-r0/result.json;../../../target/pir-index-maintenance/016-posting-dense-native-n128-g4-r1/result.json;../../../target/pir-index-maintenance/016-posting-dense-native-n128-g4-r2/result.json
posting,dense-native,128,32,4,0,contiguous,0,4,False,shuffled,8,key,24,3,72,True,0.1206340277777778,0.13233700000000015,0.168483,0.7112548750000002,0.8396997500000002,150,836,20253,pass,../../../target/pir-index-maintenance/017-posting-dense-native-n128-g4-r0/result.json;../../../target/pir-index-maintenance/017-posting-dense-native-n128-g4-r1/result.json;../../../target/pir-index-maintenance/017-posting-dense-native-n128-g4-r2/result.json
posting,singlepass-native,128,32,4,0,contiguous,0,4,False,shuffled,8,value,24,3,72,True,0.16423548611111113,0.1822090000000003,0.160811,0.9155600833333333,1.06235675,112,2802,20253,pass,../../../target/pir-index-maintenance/018-posting-singlepass-native-n128-g4-r0/result.json;../../../target/pir-index-maintenance/018-posting-singlepass-native-n128-g4-r1/result.json;../../../target/pir-index-maintenance/018-posting-singlepass-native-n128-g4-r2/result.json
posting,singlepass-native,128,32,4,0,contiguous,0,4,False,shuffled,8,key,24,3,72,True,0.16250313888888893,0.17341300000000026,0.160921,0.9376587083333332,1.0849298749999998,112,2802,20253,pass,../../../target/pir-index-maintenance/019-posting-singlepass-native-n128-g4-r0/result.json;../../../target/pir-index-maintenance/019-posting-singlepass-native-n128-g4-r1/result.json;../../../target/pir-index-maintenance/019-posting-singlepass-native-n128-g4-r2/result.json
authenticated,dense-native,128,32,4,0,contiguous,0,4,False,shuffled,8,value,24,3,72,True,2.3870856111111096,2.442964999999999,2.566801,3.5392720000000004,5.985611666666667,6084,22188,131072,pass,../../../target/pir-index-maintenance/020-authenticated-dense-native-n128-g4-r0/result.json;../../../target/pir-index-maintenance/020-authenticated-dense-native-n128-g4-r1/result.json;../../../target/pir-index-maintenance/020-authenticated-dense-native-n128-g4-r2/result.json
authenticated,dense-native,128,32,4,0,contiguous,0,4,False,shuffled,8,key,24,3,72,True,2.37838759722222,2.4450740000000124,2.482925,3.7187576666666664,6.095061083333333,6084,22190,131072,pass,../../../target/pir-index-maintenance/021-authenticated-dense-native-n128-g4-r0/result.json;../../../target/pir-index-maintenance/021-authenticated-dense-native-n128-g4-r1/result.json;../../../target/pir-index-maintenance/021-authenticated-dense-native-n128-g4-r2/result.json
authenticated,path-native,128,32,4,0,contiguous,0,4,False,shuffled,8,value,24,3,72,True,13.724912930555547,14.090694000000099,6.866152,16.808727291666667,23.501843125000004,490146,491037,131072,pass,../../../target/pir-index-maintenance/022-authenticated-path-native-n128-g4-r0/result.json;../../../target/pir-index-maintenance/022-authenticated-path-native-n128-g4-r1/result.json;../../../target/pir-index-maintenance/022-authenticated-path-native-n128-g4-r2/result.json
authenticated,path-native,128,32,4,0,contiguous,0,4,False,shuffled,8,key,24,3,72,True,13.759446291666656,14.136649999999946,7.031187,17.771810625,24.45512545833333,490144,491036,131072,pass,../../../target/pir-index-maintenance/023-authenticated-path-native-n128-g4-r0/result.json;../../../target/pir-index-maintenance/023-authenticated-path-native-n128-g4-r1/result.json;../../../target/pir-index-maintenance/023-authenticated-path-native-n128-g4-r2/result.json
